Metric,Hits@1,Hits@3,Hits@10,Hits@20,Hits@50,Hits@100,MRR,mrr_hit1,mrr_hit3,mrr_hit10,mrr_hit20,mrr_hit50,mrr_hit100,AUC,AP,acc,out_channels,hidden_channels,batch_size,lr
cora_runxz8zdsfm_VGAE,20.85,62.73,77.12,87.27,96.49,99.26,57.78,20.85,62.73,77.12,87.27,96.49,99.26,98.55,98.48,85.52,160,160,1024,0.01
cora_runzgzfu2hf_VGAE,20.85,63.28,77.12,86.9,96.49,99.26,57.81,20.85,63.28,77.12,86.9,96.49,99.26,98.55,98.48,85.61,160,160,1024,0.01
cora_run6ozbrw88_VGAE,43.91,56.27,85.61,91.14,97.05,99.08,56.85,43.91,56.27,85.61,91.14,97.05,99.08,98.68,98.71,88.84,160,160,1024,0.02
cora_runco2uxsug_VGAE,38.56,56.27,85.61,91.14,97.05,99.08,56.85,38.56,56.27,85.61,91.14,97.05,99.08,98.68,98.71,88.84,160,160,1024,0.04
cora_runhe99sqxw_VGAE,38.56,56.27,85.61,91.14,97.05,99.08,56.85,38.56,56.27,85.61,91.14,97.05,99.08,98.68,98.71,88.84,160,160,1024,0.1
cora_runh46bsw9v_VGAE,38.56,56.27,85.61,91.14,97.05,99.08,56.85,38.56,56.27,85.61,91.14,97.05,99.08,98.68,98.71,88.84,160,160,2048,0.01
cora_runrzg07wtb_VGAE,32.84,56.27,85.61,91.14,97.05,99.08,49.06,32.84,56.27,85.61,91.14,97.05,99.08,98.68,98.71,88.84,160,160,2048,0.02
cora_runiu4gufw6_VGAE,32.84,56.27,85.61,91.14,97.05,99.08,49.06,32.84,56.27,85.61,91.14,97.05,99.08,98.68,98.71,88.84,160,160,2048,0.04
cora_run5ginzlop_VGAE,32.84,56.27,85.61,91.14,97.05,99.08,49.06,32.84,56.27,85.61,91.14,97.05,99.08,98.68,98.71,88.84,160,160,2048,0.1
cora_runc9uxglya_VGAE,32.84,61.99,85.61,91.14,97.05,99.08,49.06,32.84,61.99,85.61,91.14,97.05,99.08,98.68,98.71,88.84,160,160,4096,0.01
cora_runzfk3kmdc_VGAE,32.84,63.65,85.61,89.48,97.97,99.26,49.06,32.84,63.65,85.61,89.48,97.97,99.26,98.6,98.61,88.84,160,160,4096,0.02
cora_runfa8zouvi_VGAE,46.31,63.65,85.61,89.48,97.97,99.26,57.34,46.31,63.65,85.61,89.48,97.97,99.26,98.6,98.61,88.84,160,160,4096,0.04
cora_runewqb45u2_VGAE,46.31,63.65,85.61,89.48,97.97,99.26,57.34,46.31,63.65,85.61,89.48,97.97,99.26,98.6,98.61,88.84,160,160,4096,0.1
cora_runw2zm5xyd_VGAE,46.31,63.65,85.61,89.48,97.97,99.26,57.34,46.31,63.65,85.61,89.48,97.97,99.26,98.6,98.61,88.84,160,160,8192,0.01
cora_runl7p9vu7a_VGAE,46.31,63.65,85.61,89.48,97.97,99.26,57.34,46.31,63.65,85.61,89.48,97.97,99.26,98.6,98.61,88.84,160,160,8192,0.02
cora_run1qgibwxe_VGAE,46.31,63.65,85.61,89.48,97.97,99.26,57.34,46.31,63.65,85.61,89.48,97.97,99.26,98.6,98.61,88.84,160,160,8192,0.04
cora_run3bgqk69i_VGAE,46.31,63.65,85.61,89.48,97.97,99.26,57.34,46.31,63.65,85.61,89.48,97.97,99.26,98.6,98.61,88.84,160,160,8192,0.1
cora_runv0aqpdil_VGAE,46.31,63.65,85.61,89.48,97.97,99.26,57.34,46.31,63.65,85.61,89.48,97.97,99.26,98.6,98.61,88.84,160,160,16384,0.01
cora_runwy6s1029_VGAE,46.31,63.65,85.61,89.48,97.97,99.26,57.34,46.31,63.65,85.61,89.48,97.97,99.26,98.6,98.61,88.84,160,160,16384,0.02
cora_run7xgzob00_VGAE,46.31,63.65,85.61,89.48,97.97,99.26,57.34,46.31,63.65,85.61,89.48,97.97,99.26,98.6,98.61,88.84,160,160,16384,0.04
cora_run7wxitl2d_VGAE,46.31,63.65,85.61,89.48,97.97,99.26,57.34,46.31,63.65,85.61,89.48,97.97,99.26,98.6,98.61,88.84,160,160,16384,0.1
cora_runbw9p0mhf_VGAE,46.31,63.65,85.61,89.48,97.97,99.26,57.34,46.31,63.65,85.61,89.48,97.97,99.26,98.6,98.61,88.84,160,176,1024,0.01
cora_run3djeny6e_VGAE,46.31,63.65,85.61,89.85,97.79,99.26,57.34,46.31,63.65,85.61,89.85,97.79,99.26,98.6,98.61,88.84,160,176,1024,0.02
cora_runaxjpfv3t_VGAE,46.31,63.65,85.61,89.85,97.79,99.26,57.34,46.31,63.65,85.61,89.85,97.79,99.26,98.6,98.61,88.84,160,176,1024,0.04
cora_runv6r6cgly_VGAE,46.31,63.65,85.61,89.85,97.79,99.26,57.34,46.31,63.65,85.61,89.85,97.79,99.26,98.6,98.61,88.84,160,176,1024,0.1
cora_runvbocxic0_VGAE,46.31,63.65,85.61,89.85,97.79,99.26,57.34,46.31,63.65,85.61,89.85,97.79,99.26,98.6,98.61,88.84,160,176,2048,0.01
cora_runc295h4na_VGAE,46.31,63.65,85.61,89.85,97.79,99.26,57.34,46.31,63.65,85.61,89.85,97.79,99.26,98.6,98.61,88.84,160,176,2048,0.02
cora_runharx8pxz_VGAE,46.31,63.65,85.61,89.85,97.79,99.26,57.34,46.31,63.65,85.61,89.85,97.79,99.26,98.6,98.61,88.84,160,176,2048,0.04
cora_run2ow0pfym_VGAE,46.31,63.65,85.61,89.85,97.79,99.26,57.34,46.31,63.65,85.61,89.85,97.79,99.26,98.6,98.61,88.84,160,176,2048,0.1
cora_runj6n1uhcg_VGAE,46.31,63.65,85.61,89.85,97.79,99.26,57.34,46.31,63.65,85.61,89.85,97.79,99.26,98.6,98.61,88.84,160,176,4096,0.01
cora_runntc5iq76_VGAE,46.31,63.65,90.04,93.54,96.49,99.08,57.34,46.31,63.65,90.04,93.54,96.49,99.08,98.93,98.92,88.84,160,176,4096,0.02
cora_run1577hfp9_VGAE,46.31,63.65,90.04,93.54,96.49,99.08,57.34,46.31,63.65,90.04,93.54,96.49,99.08,98.93,98.92,88.84,160,176,4096,0.04
cora_run12jp97s3_VGAE,46.31,63.65,90.04,93.54,96.49,99.08,57.34,46.31,63.65,90.04,93.54,96.49,99.08,98.93,98.92,88.84,160,176,4096,0.1
cora_runaoan2k0n_VGAE,46.31,63.65,90.04,93.54,96.49,99.08,57.34,46.31,63.65,90.04,93.54,96.49,99.08,98.93,98.92,88.84,160,176,8192,0.01
cora_run7aunp4w8_VGAE,46.31,63.65,90.04,93.54,96.49,99.08,52.33,46.31,63.65,90.04,93.54,96.49,99.08,98.93,98.92,88.84,160,176,8192,0.02
cora_runi4if1qvu_VGAE,46.31,63.65,90.04,93.54,96.49,99.08,52.33,46.31,63.65,90.04,93.54,96.49,99.08,98.93,98.92,88.84,160,176,8192,0.04
cora_runn7riy840_VGAE,46.31,63.65,90.04,93.54,96.49,99.08,52.33,46.31,63.65,90.04,93.54,96.49,99.08,98.93,98.92,88.84,160,176,8192,0.1
cora_run8h4zykug_VGAE,46.31,63.65,90.04,93.54,96.49,99.08,52.33,46.31,63.65,90.04,93.54,96.49,99.08,98.93,98.92,88.84,160,176,16384,0.01
cora_runrcl0sc2i_VGAE,46.31,63.65,90.04,93.54,96.49,99.08,52.33,46.31,63.65,90.04,93.54,96.49,99.08,98.74,98.73,88.84,160,176,16384,0.02
cora_rundzko4alr_VGAE,46.31,63.65,90.04,93.54,96.49,99.08,52.33,46.31,63.65,90.04,93.54,96.49,99.08,98.74,98.73,88.84,160,176,16384,0.04
cora_run3o2k5nub_VGAE,46.31,63.65,90.04,93.54,96.49,99.08,52.33,46.31,63.65,90.04,93.54,96.49,99.08,98.74,98.73,88.84,160,176,16384,0.1
cora_runxvk4eebq_VGAE,46.31,63.65,90.04,93.54,96.49,99.08,52.33,46.31,63.65,90.04,93.54,96.49,99.08,98.74,98.73,88.84,160,192,1024,0.01
cora_run3nj742xj_VGAE,46.31,63.65,90.04,93.54,96.49,99.08,52.33,46.31,63.65,90.04,93.54,96.49,99.08,98.74,98.73,88.84,160,192,1024,0.02
cora_run7r6cztme_VGAE,46.31,63.65,90.04,93.54,96.49,99.08,52.33,46.31,63.65,90.04,93.54,96.49,99.08,98.74,98.73,88.84,160,192,1024,0.04
cora_runmugvpb1j_VGAE,46.31,63.65,90.04,93.54,96.49,99.08,52.33,46.31,63.65,90.04,93.54,96.49,99.08,98.74,98.73,88.84,160,192,1024,0.1
cora_rungptjutg0_VGAE,46.31,63.65,90.04,93.54,96.49,99.08,52.33,46.31,63.65,90.04,93.54,96.49,99.08,98.74,98.73,88.84,160,192,2048,0.01
cora_runagpmdi85_VGAE,46.31,63.65,90.04,93.54,96.49,99.08,52.33,46.31,63.65,90.04,93.54,96.49,99.08,98.74,98.73,88.84,160,192,2048,0.02
cora_run3houz6gf_VGAE,46.31,63.65,90.04,93.54,96.49,99.08,52.33,46.31,63.65,90.04,93.54,96.49,99.08,98.74,98.73,88.84,160,192,2048,0.04
cora_run79e6j6cz_VGAE,46.31,63.65,90.04,93.54,96.49,99.08,52.33,46.31,63.65,90.04,93.54,96.49,99.08,98.74,98.73,88.84,160,192,2048,0.1
cora_rungvk7if04_VGAE,46.31,63.65,90.04,93.54,96.49,99.08,52.33,46.31,63.65,90.04,93.54,96.49,99.08,98.74,98.73,88.84,160,192,4096,0.01
cora_run8y1cj2sk_VGAE,46.31,63.65,90.04,93.54,96.49,99.08,52.33,46.31,63.65,90.04,93.54,96.49,99.08,98.74,98.73,88.84,160,192,4096,0.02
cora_runrq0sgrxu_VGAE,46.31,63.65,90.04,93.54,96.49,99.08,52.33,46.31,63.65,90.04,93.54,96.49,99.08,98.74,98.73,88.84,160,192,4096,0.04
cora_runpyaowd27_VGAE,46.31,63.65,90.04,93.54,96.49,99.08,52.33,46.31,63.65,90.04,93.54,96.49,99.08,98.74,98.73,88.84,160,192,4096,0.1
cora_run25kev4dq_VGAE,39.3,63.65,90.04,93.54,96.49,99.08,55.74,39.3,63.65,90.04,93.54,96.49,99.08,98.74,98.73,88.84,160,192,8192,0.01
cora_runfe5pev21_VGAE,39.3,63.65,90.04,93.54,96.49,99.45,55.74,39.3,63.65,90.04,93.54,96.49,99.45,98.74,99.03,88.84,160,192,8192,0.02
cora_runhq9y6cfb_VGAE,39.3,63.65,90.04,93.54,96.49,99.45,55.74,39.3,63.65,90.04,93.54,96.49,99.45,98.74,99.03,88.84,160,192,8192,0.04
cora_run8mp8fij2_VGAE,39.3,63.65,90.04,93.54,96.49,99.45,55.74,39.3,63.65,90.04,93.54,96.49,99.45,98.74,99.03,88.84,160,192,8192,0.1
cora_runk70g20nq_VGAE,39.3,63.65,90.04,93.54,96.49,99.45,55.74,39.3,63.65,90.04,93.54,96.49,99.45,98.74,99.03,88.84,160,192,16384,0.01
cora_runzgc36z2w_VGAE,39.3,63.65,90.04,93.54,96.49,99.45,55.74,39.3,63.65,90.04,93.54,96.49,99.45,98.74,99.03,86.16,160,192,16384,0.02
cora_runh6xyds7t_VGAE,39.3,63.65,90.04,93.54,96.49,99.45,55.74,39.3,63.65,90.04,93.54,96.49,99.45,98.74,99.03,86.16,160,192,16384,0.04
cora_run8vskmfbq_VGAE,39.3,63.65,90.04,93.54,96.49,99.45,55.74,39.3,63.65,90.04,93.54,96.49,99.45,98.74,99.03,86.16,160,192,16384,0.1
cora_run5fbggkxn_VGAE,39.3,63.65,90.04,93.54,96.49,99.45,55.74,39.3,63.65,90.04,93.54,96.49,99.45,98.74,99.03,86.16,176,160,1024,0.01
cora_runyfuyh6u5_VGAE,39.3,63.65,90.04,93.54,96.49,99.45,55.74,39.3,63.65,90.04,93.54,96.49,99.45,98.7,99.03,86.16,176,160,1024,0.02
cora_runpob0fcl8_VGAE,39.3,63.65,90.04,93.54,96.49,99.45,55.74,39.3,63.65,90.04,93.54,96.49,99.45,98.7,99.03,86.16,176,160,1024,0.04
cora_run1kw886nm_VGAE,39.3,63.65,90.04,93.54,96.49,99.45,55.74,39.3,63.65,90.04,93.54,96.49,99.45,98.7,99.03,86.16,176,160,1024,0.1
cora_runlxyq1vph_VGAE,39.3,63.65,90.04,93.54,96.49,99.45,55.74,39.3,63.65,90.04,93.54,96.49,99.45,98.7,99.03,86.16,176,160,2048,0.01
cora_runor9x4xsr_VGAE,39.3,63.65,79.89,93.54,96.49,99.45,55.74,39.3,63.65,79.89,93.54,96.49,99.45,98.7,99.03,86.16,176,160,2048,0.02
cora_runt2rbj2qs_VGAE,39.3,63.65,79.89,93.54,96.49,99.45,55.74,39.3,63.65,79.89,93.54,96.49,99.45,98.7,99.03,86.16,176,160,2048,0.04
cora_run29j4x0d3_VGAE,39.3,63.65,79.89,93.54,96.49,99.45,55.74,39.3,63.65,79.89,93.54,96.49,99.45,98.7,99.03,86.16,176,160,2048,0.1
cora_runqd8qpo84_VGAE,39.3,63.65,79.89,93.54,96.49,99.45,55.74,39.3,63.65,79.89,93.54,96.49,99.45,98.7,99.03,86.16,176,160,4096,0.01
cora_runus2b9xzo_VGAE,39.3,63.65,79.89,93.54,96.49,99.45,55.74,39.3,63.65,79.89,93.54,96.49,99.45,98.7,99.03,86.16,176,160,4096,0.02
cora_run2lro5ub2_VGAE,39.3,63.65,79.89,93.54,96.49,99.45,55.74,39.3,63.65,79.89,93.54,96.49,99.45,98.7,99.03,86.16,176,160,4096,0.04
cora_run8v43po2k_VGAE,39.3,63.65,79.89,93.54,96.49,99.45,55.74,39.3,63.65,79.89,93.54,96.49,99.45,98.7,99.03,86.16,176,160,4096,0.1
cora_runr96bql1g_VGAE,39.3,63.65,79.89,93.54,96.49,99.45,55.74,39.3,63.65,79.89,93.54,96.49,99.45,98.7,99.03,86.16,176,160,8192,0.01
cora_runpov2huno_VGAE,18.08,66.24,81.18,87.08,96.13,98.71,53.38,18.08,66.24,81.18,87.08,96.13,98.71,98.24,98.28,83.86,160,160,1024,0.01
cora_runlijg1uly_VGAE,29.34,45.02,81.55,88.19,97.42,99.26,40.77,29.34,45.02,81.55,88.19,97.42,99.26,98.41,98.44,84.78,160,160,1024,0.02
cora_runj1w17dw0_VGAE,39.3,63.65,79.89,93.54,96.49,99.45,55.74,39.3,63.65,79.89,93.54,96.49,99.45,98.7,99.03,89.11,176,160,8192,0.02
cora_run91lpjg9i_VGAE,29.34,45.02,81.55,88.19,97.42,99.26,40.77,29.34,45.02,81.55,88.19,97.42,99.26,98.41,98.44,84.78,160,160,1024,0.04
cora_run1p2jvqgl_VGAE,29.34,45.02,81.55,88.19,97.42,99.26,40.77,29.34,45.02,81.55,88.19,97.42,99.26,98.41,98.44,84.78,160,160,1024,0.1
cora_runcg73nc6s_VGAE,39.3,63.65,79.89,93.54,96.49,99.45,55.74,39.3,63.65,79.89,93.54,96.49,99.45,98.7,99.03,89.11,176,160,8192,0.04
cora_runxzxm2238_VGAE,29.34,45.02,81.55,88.19,97.42,99.26,40.77,29.34,45.02,81.55,88.19,97.42,99.26,98.41,98.44,84.78,160,160,2048,0.01
cora_run1a5g6eah_VGAE,29.34,61.07,84.32,88.19,96.86,98.71,40.77,29.34,61.07,84.32,88.19,96.86,98.71,98.41,98.44,84.78,160,160,2048,0.02
cora_runi0wtka1y_VGAE,39.3,63.65,79.89,93.54,96.49,99.45,55.74,39.3,63.65,79.89,93.54,96.49,99.45,98.7,99.03,89.11,176,160,8192,0.1
cora_runii3glmd2_VGAE,29.34,44.28,72.32,88.19,96.86,98.71,40.77,29.34,44.28,72.32,88.19,96.86,98.71,98.41,98.44,84.78,160,160,2048,0.04
cora_runuu1q5eod_VGAE,29.34,44.28,72.32,88.19,96.86,98.71,40.77,29.34,44.28,72.32,88.19,96.86,98.71,98.41,98.44,84.78,160,160,2048,0.1
cora_runcu4gj6pt_VGAE,39.3,63.65,79.89,93.54,96.49,99.45,55.74,39.3,63.65,79.89,93.54,96.49,99.45,98.7,99.03,89.11,176,160,16384,0.01
cora_runi2bx3zyx_VGAE,29.34,44.28,72.32,88.19,96.86,98.71,40.77,29.34,44.28,72.32,88.19,96.86,98.71,98.41,98.44,84.78,160,160,4096,0.01
cora_runxe44mxh7_VGAE,50.74,62.73,85.79,93.17,97.79,99.08,61.39,50.74,62.73,85.79,93.17,97.79,99.08,98.74,98.84,84.78,160,160,4096,0.02
cora_runb3i6lhk1_VGAE,39.3,63.65,79.89,93.54,96.49,99.45,55.74,39.3,63.65,79.89,93.54,96.49,99.45,98.7,99.03,89.11,176,160,16384,0.02
cora_run5w14s7ye_VGAE,50.74,62.73,85.79,93.17,97.79,99.08,61.39,50.74,62.73,85.79,93.17,97.79,99.08,98.74,98.84,84.78,160,160,4096,0.04
cora_run6xzk27dh_VGAE,50.74,62.73,85.79,93.17,97.79,99.08,61.39,50.74,62.73,85.79,93.17,97.79,99.08,98.74,98.84,84.78,160,160,4096,0.1
cora_runtnlgdbcm_VGAE,39.3,63.65,79.89,93.54,97.6,99.63,55.74,39.3,63.65,79.89,93.54,97.6,99.63,99.14,99.19,89.11,176,160,16384,0.04
cora_runngfy5fgr_VGAE,50.74,62.73,85.79,93.17,97.79,99.08,61.39,50.74,62.73,85.79,93.17,97.79,99.08,98.74,98.84,84.78,160,160,8192,0.01
cora_runjww3zbmp_VGAE,39.3,63.65,79.89,93.54,97.6,99.63,55.74,39.3,63.65,79.89,93.54,97.6,99.63,99.14,99.19,89.11,176,160,16384,0.1
cora_run5zifjlub_VGAE,69.56,76.38,85.79,93.17,97.79,99.45,74.91,69.56,76.38,85.79,93.17,97.79,99.45,98.74,98.84,85.24,160,160,8192,0.02
cora_runalzhh9wh_VGAE,69.56,76.38,85.79,93.17,97.79,99.45,74.91,69.56,76.38,85.79,93.17,97.79,99.45,98.74,98.84,85.24,160,160,8192,0.04
cora_runtdmo8upv_VGAE,39.3,63.65,79.89,93.54,97.6,99.63,55.74,39.3,63.65,79.89,93.54,97.6,99.63,99.14,99.19,89.11,176,176,1024,0.01
cora_runcrtgwffi_VGAE,69.56,76.38,85.79,93.17,97.79,99.45,74.91,69.56,76.38,85.79,93.17,97.79,99.45,98.74,98.84,85.24,160,160,8192,0.1
cora_run6ebs2jtd_VGAE,69.56,76.38,85.79,93.17,97.79,99.45,74.91,69.56,76.38,85.79,93.17,97.79,99.45,98.74,98.84,85.24,160,160,16384,0.01
cora_runwdk18c9t_VGAE,39.3,63.65,79.89,93.54,97.6,99.63,55.74,39.3,63.65,79.89,93.54,97.6,99.63,99.14,99.19,89.11,176,176,1024,0.02
cora_runqp0qgb42_VGAE,69.56,76.38,85.79,93.17,97.79,99.45,74.91,69.56,76.38,85.79,93.17,97.79,99.45,98.74,98.84,85.24,160,160,16384,0.02
cora_runy2t738p0_VGAE,69.56,76.38,85.79,93.17,98.15,99.45,74.91,69.56,76.38,85.79,93.17,98.15,99.45,98.82,98.84,85.24,160,160,16384,0.04
cora_run0elv3ej9_VGAE,39.3,63.65,79.89,93.54,97.6,99.63,55.74,39.3,63.65,79.89,93.54,97.6,99.63,99.14,99.19,89.11,176,176,1024,0.04
cora_runlll53ulo_VGAE,69.56,76.38,85.79,93.17,98.15,99.45,74.91,69.56,76.38,85.79,93.17,98.15,99.45,98.82,98.84,85.24,160,160,16384,0.1
cora_runjjo87gqe_VGAE,69.56,76.38,85.79,93.17,98.15,99.45,74.91,69.56,76.38,85.79,93.17,98.15,99.45,98.82,98.84,85.24,160,176,1024,0.01
cora_run66fdswgr_VGAE,39.3,63.65,79.89,93.54,97.6,99.63,55.74,39.3,63.65,79.89,93.54,97.6,99.63,99.14,99.19,89.11,176,176,1024,0.1
cora_run3be0s08c_VGAE,69.56,76.38,85.79,94.65,97.97,99.45,74.91,69.56,76.38,85.79,94.65,97.97,99.45,98.82,98.84,87.27,160,176,1024,0.02
cora_runwj2gu1k0_VGAE,69.56,76.38,85.79,94.65,97.97,99.45,74.91,69.56,76.38,85.79,94.65,97.97,99.45,98.82,98.84,87.27,160,176,1024,0.04
cora_runj9bqossw_VGAE,39.3,63.65,79.89,93.54,97.6,99.63,55.74,39.3,63.65,79.89,93.54,97.6,99.63,99.14,99.19,89.11,176,176,2048,0.01
cora_runea4w3ikn_VGAE,69.56,76.38,85.79,94.65,97.97,99.45,74.91,69.56,76.38,85.79,94.65,97.97,99.45,98.82,98.84,87.27,160,176,1024,0.1
cora_runfo2m3v3e_VGAE,69.56,76.38,85.79,94.65,97.97,99.45,74.91,69.56,76.38,85.79,94.65,97.97,99.45,98.82,98.84,87.27,160,176,2048,0.01
cora_runxu0qo9kd_VGAE,39.3,63.65,79.89,93.54,97.6,99.63,55.74,39.3,63.65,79.89,93.54,97.6,99.63,99.14,99.19,89.11,176,176,2048,0.02
cora_runrxhmlxpf_VGAE,69.56,76.38,85.79,94.65,97.97,99.45,74.91,69.56,76.38,85.79,94.65,97.97,99.45,98.82,98.84,87.27,160,176,2048,0.02
cora_runjic128ip_VGAE,69.56,76.38,85.79,94.65,97.97,99.45,74.91,69.56,76.38,85.79,94.65,97.97,99.45,98.82,98.84,87.27,160,176,2048,0.04
cora_runej0r8dhi_VGAE,39.3,63.65,79.89,93.54,97.6,99.63,55.74,39.3,63.65,79.89,93.54,97.6,99.63,99.14,99.19,89.11,176,176,2048,0.04
cora_runb12abgja_VGAE,69.56,76.38,85.79,94.65,97.97,99.45,74.91,69.56,76.38,85.79,94.65,97.97,99.45,98.82,98.84,87.27,160,176,2048,0.1
cora_rungttjcf5c_VGAE,69.56,76.38,85.79,94.65,97.97,99.45,74.91,69.56,76.38,85.79,94.65,97.97,99.45,98.82,98.84,87.27,160,176,4096,0.01
cora_runjijiggjx_VGAE,39.3,63.65,79.89,93.54,97.6,99.63,55.74,39.3,63.65,79.89,93.54,97.6,99.63,99.14,99.19,89.11,176,176,2048,0.1
cora_run5s56cnof_VGAE,69.56,76.38,85.79,94.65,97.97,99.45,74.91,69.56,76.38,85.79,94.65,97.97,99.45,98.82,98.84,87.45,160,176,4096,0.02
cora_runq45t6yv5_VGAE,69.56,76.38,85.79,94.65,97.97,99.45,74.91,69.56,76.38,85.79,94.65,97.97,99.45,98.82,98.84,87.45,160,176,4096,0.04
cora_runvckvd50u_VGAE,39.3,63.65,79.89,93.54,97.6,99.63,55.74,39.3,63.65,79.89,93.54,97.6,99.63,99.14,99.19,89.11,176,176,4096,0.01
cora_runyw0vbwct_VGAE,69.56,76.38,85.79,94.65,97.97,99.45,74.91,69.56,76.38,85.79,94.65,97.97,99.45,98.82,98.84,87.45,160,176,4096,0.1
cora_run7q0urwe4_VGAE,69.56,76.38,85.79,94.65,97.97,99.45,74.91,69.56,76.38,85.79,94.65,97.97,99.45,98.82,98.84,87.45,160,176,8192,0.01
cora_run12wfgswq_VGAE,39.3,63.65,86.53,93.54,97.6,99.63,55.74,39.3,63.65,86.53,93.54,97.6,99.63,99.14,99.19,89.11,176,176,4096,0.02
cora_runs3xga84v_VGAE,69.56,76.38,83.76,94.65,97.97,99.45,74.91,69.56,76.38,83.76,94.65,97.97,99.45,98.82,98.84,87.45,160,176,8192,0.02
cora_runf693fytf_VGAE,39.3,63.65,86.53,93.54,97.6,99.63,55.74,39.3,63.65,86.53,93.54,97.6,99.63,99.14,99.19,89.11,176,176,4096,0.04
cora_runllccqvl5_VGAE,69.56,76.38,83.76,94.65,97.97,99.45,74.91,69.56,76.38,83.76,94.65,97.97,99.45,98.82,98.84,87.45,160,176,8192,0.04
cora_runwcwcxljx_VGAE,69.56,76.38,83.76,94.65,97.97,99.45,74.91,69.56,76.38,83.76,94.65,97.97,99.45,98.82,98.84,87.45,160,176,8192,0.1
cora_runv6tr4p6z_VGAE,39.3,63.65,86.53,93.54,97.6,99.63,55.74,39.3,63.65,86.53,93.54,97.6,99.63,99.14,99.19,89.11,176,176,4096,0.1
cora_runmrmqjprj_VGAE,69.56,76.38,83.76,94.65,97.97,99.45,74.91,69.56,76.38,83.76,94.65,97.97,99.45,98.82,98.84,87.45,160,176,16384,0.01
cora_runimjlqrum_VGAE,69.56,76.38,83.76,94.65,97.97,99.45,74.91,69.56,76.38,83.76,94.65,97.97,99.45,98.82,98.84,87.45,160,176,16384,0.02
cora_runbb3xitq4_VGAE,39.3,63.65,86.53,93.54,97.6,99.63,55.74,39.3,63.65,86.53,93.54,97.6,99.63,99.14,99.19,89.11,176,176,8192,0.01
cora_run2fnzyphk_VGAE,69.56,76.38,83.76,94.65,97.97,99.45,74.91,69.56,76.38,83.76,94.65,97.97,99.45,98.82,98.84,87.45,160,176,16384,0.04
cora_runq0ukio6j_VGAE,69.56,76.38,83.76,94.65,97.97,99.45,74.91,69.56,76.38,83.76,94.65,97.97,99.45,98.82,98.84,87.45,160,176,16384,0.1
cora_run22zapz02_VGAE,39.3,71.59,86.53,93.54,97.6,99.63,55.74,39.3,71.59,86.53,93.54,97.6,99.63,99.14,99.19,89.11,176,176,8192,0.02
cora_runoa3gbiqh_VGAE,69.56,76.38,83.76,94.65,97.97,99.45,74.91,69.56,76.38,83.76,94.65,97.97,99.45,98.82,98.84,87.45,160,192,1024,0.01
cora_runob5pbstu_VGAE,69.56,73.43,83.76,92.99,97.97,99.45,74.91,69.56,73.43,83.76,92.99,97.97,99.45,98.82,98.9,87.45,160,192,1024,0.02
cora_run9prs66vv_VGAE,39.3,71.59,86.53,93.54,97.6,99.63,55.74,39.3,71.59,86.53,93.54,97.6,99.63,99.14,99.19,89.11,176,176,8192,0.04
cora_runrvz0fykv_VGAE,69.56,73.43,83.76,92.99,97.97,99.45,74.91,69.56,73.43,83.76,92.99,97.97,99.45,98.82,98.9,87.45,160,192,1024,0.04
cora_runjes0thy1_VGAE,69.56,73.43,83.76,92.99,97.97,99.45,74.91,69.56,73.43,83.76,92.99,97.97,99.45,98.82,98.9,87.45,160,192,1024,0.1
cora_runbjd6k476_VGAE,39.3,71.59,86.53,93.54,97.6,99.63,55.74,39.3,71.59,86.53,93.54,97.6,99.63,99.14,99.19,89.11,176,176,8192,0.1
cora_runopxxjl35_VGAE,69.56,73.43,83.76,92.99,97.97,99.45,74.91,69.56,73.43,83.76,92.99,97.97,99.45,98.82,98.9,87.45,160,192,2048,0.01
cora_run6acf942l_VGAE,69.56,73.43,83.76,92.99,97.97,99.45,74.91,69.56,73.43,83.76,92.99,97.97,99.45,98.82,98.9,87.45,160,192,2048,0.02
cora_runf2z65gwp_VGAE,39.3,71.59,86.53,93.54,97.6,99.63,55.74,39.3,71.59,86.53,93.54,97.6,99.63,99.14,99.19,89.11,176,176,16384,0.01
cora_runc2y73767_VGAE,69.56,73.43,83.76,92.99,97.97,99.45,74.91,69.56,73.43,83.76,92.99,97.97,99.45,98.82,98.9,87.45,160,192,2048,0.04
cora_run9hhjkpu0_VGAE,69.56,73.43,83.76,92.99,97.97,99.45,74.91,69.56,73.43,83.76,92.99,97.97,99.45,98.82,98.9,87.45,160,192,2048,0.1
cora_runmxmgij1s_VGAE,39.3,71.59,86.53,93.54,97.6,99.63,55.74,39.3,71.59,86.53,93.54,97.6,99.63,99.14,99.19,89.11,176,176,16384,0.02
cora_runuswt2lq5_VGAE,69.56,73.43,83.76,92.99,97.97,99.45,74.91,69.56,73.43,83.76,92.99,97.97,99.45,98.82,98.9,87.45,160,192,4096,0.01
cora_runn1g4oc6e_VGAE,69.56,73.43,83.76,92.99,97.97,99.45,74.91,69.56,73.43,83.76,92.99,97.97,99.45,98.82,98.9,87.45,160,192,4096,0.02
cora_run427wzbgg_VGAE,39.3,71.59,86.53,93.54,97.6,99.63,55.74,39.3,71.59,86.53,93.54,97.6,99.63,99.14,99.19,89.11,176,176,16384,0.04
cora_run7rfej5sk_VGAE,69.56,73.43,83.76,92.99,97.97,99.45,74.91,69.56,73.43,83.76,92.99,97.97,99.45,98.82,98.9,87.45,160,192,4096,0.04
cora_run083dbb51_VGAE,69.56,73.43,83.76,92.99,97.97,99.45,74.91,69.56,73.43,83.76,92.99,97.97,99.45,98.82,98.9,87.45,160,192,4096,0.1
cora_runkaqmeo6r_VGAE,39.3,71.59,86.53,93.54,97.6,99.63,55.74,39.3,71.59,86.53,93.54,97.6,99.63,99.14,99.19,89.11,176,176,16384,0.1
cora_runqxps2mx8_VGAE,69.56,73.43,83.76,92.99,97.97,99.45,74.91,69.56,73.43,83.76,92.99,97.97,99.45,98.82,98.9,87.45,160,192,8192,0.01
cora_runa9kb6ao4_VGAE,69.56,73.43,83.76,92.99,97.97,99.45,74.91,69.56,73.43,83.76,92.99,97.97,99.45,98.82,98.9,87.45,160,192,8192,0.02
cora_runj5y2ptxk_VGAE,39.3,71.59,86.53,93.54,97.6,99.63,55.74,39.3,71.59,86.53,93.54,97.6,99.63,99.14,99.19,89.11,176,192,1024,0.01
cora_runrdbpczml_VGAE,69.56,73.43,83.76,92.99,97.97,99.45,74.91,69.56,73.43,83.76,92.99,97.97,99.45,98.82,98.9,87.45,160,192,8192,0.04
cora_runizywnaro_VGAE,69.56,73.43,83.76,92.99,97.97,99.45,74.91,69.56,73.43,83.76,92.99,97.97,99.45,98.82,98.9,87.45,160,192,8192,0.1
cora_runv1q8sxcc_VGAE,39.3,71.59,86.53,93.54,97.6,99.63,55.74,39.3,71.59,86.53,93.54,97.6,99.63,99.14,99.19,89.11,176,192,1024,0.02
cora_runwcnft0i9_VGAE,69.56,73.43,83.76,92.99,97.97,99.45,74.91,69.56,73.43,83.76,92.99,97.97,99.45,98.82,98.9,87.45,160,192,16384,0.01
cora_runoxncgi5o_VGAE,39.3,71.59,86.53,93.54,97.6,99.63,55.74,39.3,71.59,86.53,93.54,97.6,99.63,99.14,99.19,89.11,176,192,1024,0.04
cora_runbsw0mrwi_VGAE,69.56,73.43,83.76,92.99,97.97,99.45,74.91,69.56,73.43,83.76,92.99,97.97,99.45,98.97,98.9,87.55,160,192,16384,0.02
cora_run8eczmyxd_VGAE,69.56,73.43,83.76,92.99,97.97,99.45,74.91,69.56,73.43,83.76,92.99,97.97,99.45,98.97,98.9,87.55,160,192,16384,0.04
cora_runzeipyt87_VGAE,39.3,71.59,86.53,93.54,97.6,99.63,55.74,39.3,71.59,86.53,93.54,97.6,99.63,99.14,99.19,89.11,176,192,1024,0.1
cora_runb6vbjxtb_VGAE,69.56,73.43,83.76,92.99,97.97,99.45,74.91,69.56,73.43,83.76,92.99,97.97,99.45,98.97,98.9,87.55,160,192,16384,0.1
cora_run82e3wc09_VGAE,69.56,73.43,83.76,92.99,97.97,99.45,74.91,69.56,73.43,83.76,92.99,97.97,99.45,98.97,98.9,87.55,176,160,1024,0.01
cora_runiu45yyci_VGAE,39.3,71.59,86.53,93.54,97.6,99.63,55.74,39.3,71.59,86.53,93.54,97.6,99.63,99.14,99.19,89.11,176,192,2048,0.01
cora_run31losipo_VGAE,69.56,73.43,83.76,92.99,97.97,99.45,74.91,69.56,73.43,83.76,92.99,97.97,99.45,98.97,98.9,87.55,176,160,1024,0.02
cora_run8m0j4dg5_VGAE,69.56,73.43,83.76,92.99,97.97,99.45,74.91,69.56,73.43,83.76,92.99,97.97,99.45,98.97,98.9,87.55,176,160,1024,0.04
cora_run5tehtnp1_VGAE,39.3,71.59,86.53,93.54,97.6,99.63,55.74,39.3,71.59,86.53,93.54,97.6,99.63,99.14,99.19,89.11,176,192,2048,0.02
cora_runahqitkyr_VGAE,69.56,73.43,83.76,92.99,97.97,99.45,74.91,69.56,73.43,83.76,92.99,97.97,99.45,98.97,98.9,87.55,176,160,1024,0.1
cora_runjevh3wjz_VGAE,69.56,73.43,83.76,92.99,97.97,99.45,74.91,69.56,73.43,83.76,92.99,97.97,99.45,98.97,98.9,87.55,176,160,2048,0.01
cora_runexjxnqdf_VGAE,39.3,71.59,86.53,93.54,97.6,99.63,55.74,39.3,71.59,86.53,93.54,97.6,99.63,99.14,99.19,89.11,176,192,2048,0.04
cora_rung1pnrsyy_VGAE,69.56,73.43,83.76,92.99,97.97,99.45,74.91,69.56,73.43,83.76,92.99,97.97,99.45,98.97,98.9,87.55,176,160,2048,0.02
cora_run0mccvj2k_VGAE,69.56,73.43,83.76,92.99,97.97,99.45,74.91,69.56,73.43,83.76,92.99,97.97,99.45,98.97,98.9,87.55,176,160,2048,0.04
cora_rund1d30szj_VGAE,39.3,71.59,86.53,93.54,97.6,99.63,55.74,39.3,71.59,86.53,93.54,97.6,99.63,99.14,99.19,89.11,176,192,2048,0.1
cora_run2s4dlzp5_VGAE,69.56,73.43,83.76,92.99,97.97,99.45,74.91,69.56,73.43,83.76,92.99,97.97,99.45,98.97,98.9,87.55,176,160,2048,0.1
cora_runfwdu8tgl_VGAE,69.56,73.43,83.76,92.99,97.97,99.45,74.91,69.56,73.43,83.76,92.99,97.97,99.45,98.97,98.9,87.55,176,160,4096,0.01
cora_run73yqkq6v_VGAE,39.3,71.59,86.53,93.54,97.6,99.63,55.74,39.3,71.59,86.53,93.54,97.6,99.63,99.14,99.19,89.11,176,192,4096,0.01
cora_rund2tfnnas_VGAE,69.56,73.43,83.76,92.99,97.97,99.45,74.91,69.56,73.43,83.76,92.99,97.97,99.45,98.97,98.9,87.55,176,160,4096,0.02
cora_runymc84zot_VGAE,69.56,73.43,83.76,92.99,97.97,99.45,74.91,69.56,73.43,83.76,92.99,97.97,99.45,98.97,98.9,87.55,176,160,4096,0.04
cora_run5z3a3wlp_VGAE,39.3,71.59,86.53,93.54,97.6,99.63,55.74,39.3,71.59,86.53,93.54,97.6,99.63,99.14,99.19,89.11,176,192,4096,0.02
cora_runyto8m1rb_VGAE,69.56,73.43,83.76,92.99,97.97,99.45,74.91,69.56,73.43,83.76,92.99,97.97,99.45,98.97,98.9,87.55,176,160,4096,0.1
cora_rungst0kap1_VGAE,69.56,73.43,83.76,92.99,97.97,99.45,74.91,69.56,73.43,83.76,92.99,97.97,99.45,98.97,98.9,87.55,176,160,8192,0.01
cora_run0pj3cbqd_VGAE,39.3,71.59,86.53,93.54,97.6,99.63,55.74,39.3,71.59,86.53,93.54,97.6,99.63,99.14,99.19,89.11,176,192,4096,0.04
cora_rune66mhjyq_VGAE,69.56,73.43,83.76,92.99,97.97,99.45,74.91,69.56,73.43,83.76,92.99,97.97,99.45,98.92,98.83,87.55,176,160,8192,0.02
cora_run88zwmiil_VGAE,69.56,73.43,83.76,92.99,97.97,99.45,74.91,69.56,73.43,83.76,92.99,97.97,99.45,98.92,98.83,87.55,176,160,8192,0.04
cora_run4tigktyg_VGAE,39.3,71.59,86.53,93.54,97.6,99.63,55.74,39.3,71.59,86.53,93.54,97.6,99.63,99.14,99.19,89.11,176,192,4096,0.1
cora_runqceajgwf_VGAE,69.56,73.43,83.76,92.99,97.97,99.45,74.91,69.56,73.43,83.76,92.99,97.97,99.45,98.92,98.83,87.55,176,160,8192,0.1
cora_run1hhro5tf_VGAE,69.56,73.43,83.76,92.99,97.97,99.45,74.91,69.56,73.43,83.76,92.99,97.97,99.45,98.92,98.83,87.55,176,160,16384,0.01
cora_run9j29rjf3_VGAE,39.3,71.59,86.53,93.54,97.6,99.63,55.74,39.3,71.59,86.53,93.54,97.6,99.63,99.14,99.19,89.11,176,192,8192,0.01
cora_runc48yb7ez_VGAE,69.56,73.43,83.76,92.99,97.97,99.45,74.91,69.56,73.43,83.76,92.99,97.97,99.45,98.92,98.83,87.55,176,160,16384,0.02
cora_runkr4gzoyx_VGAE,39.3,71.59,86.53,93.54,97.6,99.63,55.74,39.3,71.59,86.53,93.54,97.6,99.63,99.14,99.19,89.11,176,192,8192,0.02
cora_rundnzmu79l_VGAE,69.56,73.43,83.76,92.99,97.97,99.45,74.91,69.56,73.43,83.76,92.99,97.97,99.45,98.92,98.83,87.55,176,160,16384,0.04
cora_runuxvlqkgp_VGAE,69.56,73.43,83.76,92.99,97.97,99.45,74.91,69.56,73.43,83.76,92.99,97.97,99.45,98.92,98.83,87.55,176,160,16384,0.1
cora_runnzkkrzrh_VGAE,39.3,71.59,86.53,93.54,97.6,99.63,55.74,39.3,71.59,86.53,93.54,97.6,99.63,99.14,99.19,89.11,176,192,8192,0.04
cora_rundkwt81k9_VGAE,69.56,73.43,83.76,92.99,97.97,99.45,74.91,69.56,73.43,83.76,92.99,97.97,99.45,98.92,98.83,87.55,176,176,1024,0.01
cora_runddjvbnqi_VGAE,69.56,73.43,83.76,92.99,97.97,99.45,74.91,69.56,73.43,83.76,92.99,97.97,99.45,98.92,98.83,87.55,176,176,1024,0.02
cora_runjff9hbfr_VGAE,39.3,71.59,86.53,93.54,97.6,99.63,55.74,39.3,71.59,86.53,93.54,97.6,99.63,99.14,99.19,89.11,176,192,8192,0.1
cora_runqr0b11a0_VGAE,69.56,73.43,83.76,92.99,97.97,99.45,74.91,69.56,73.43,83.76,92.99,97.97,99.45,98.92,98.83,87.55,176,176,1024,0.04
cora_run4ydmq7wl_VGAE,69.56,73.43,83.76,92.99,97.97,99.45,74.91,69.56,73.43,83.76,92.99,97.97,99.45,98.92,98.83,87.55,176,176,1024,0.1
cora_runiun3qpb8_VGAE,39.3,71.59,86.53,93.54,97.6,99.63,55.74,39.3,71.59,86.53,93.54,97.6,99.63,99.14,99.19,89.11,176,192,16384,0.01
cora_run7gmuxs9n_VGAE,69.56,73.43,83.76,92.99,97.97,99.45,74.91,69.56,73.43,83.76,92.99,97.97,99.45,98.92,98.83,87.55,176,176,2048,0.01
cora_runlmf7ag4w_VGAE,69.56,73.43,83.76,92.99,97.97,99.45,74.91,69.56,73.43,83.76,92.99,97.97,99.45,98.92,98.83,87.55,176,176,2048,0.02
cora_runmqg17vz4_VGAE,39.3,71.59,86.53,93.54,97.6,99.63,55.74,39.3,71.59,86.53,93.54,97.6,99.63,99.14,99.19,89.11,176,192,16384,0.02
cora_runqoo5kfjt_VGAE,69.56,73.43,83.76,92.99,97.97,99.45,74.91,69.56,73.43,83.76,92.99,97.97,99.45,98.92,98.83,87.55,176,176,2048,0.04
cora_runmreo1j3j_VGAE,69.56,73.43,83.76,92.99,97.97,99.45,74.91,69.56,73.43,83.76,92.99,97.97,99.45,98.92,98.83,87.55,176,176,2048,0.1
cora_runt43yffwv_VGAE,39.3,71.59,86.53,93.54,97.6,99.63,55.74,39.3,71.59,86.53,93.54,97.6,99.63,99.14,99.19,89.11,176,192,16384,0.04
cora_runb64d8hjt_VGAE,69.56,73.43,83.76,92.99,97.97,99.45,74.91,69.56,73.43,83.76,92.99,97.97,99.45,98.92,98.83,87.55,176,176,4096,0.01
cora_runlv22c2ln_VGAE,69.56,73.43,83.76,92.99,97.97,99.45,74.91,69.56,73.43,83.76,92.99,97.97,99.45,98.92,98.83,87.55,176,176,4096,0.02
cora_runcmesy8tz_VGAE,39.3,71.59,86.53,93.54,97.6,99.63,55.74,39.3,71.59,86.53,93.54,97.6,99.63,99.14,99.19,89.11,176,192,16384,0.1
cora_run4njcniiq_VGAE,69.56,73.43,83.76,92.99,97.97,99.45,74.91,69.56,73.43,83.76,92.99,97.97,99.45,98.92,98.83,87.55,176,176,4096,0.04
cora_runj1pv3ins_VGAE,69.56,73.43,83.76,92.99,97.97,99.45,74.91,69.56,73.43,83.76,92.99,97.97,99.45,98.92,98.83,87.55,176,176,4096,0.1
cora_runeij2s8q9_VGAE,39.3,71.59,86.53,93.54,97.6,99.63,55.74,39.3,71.59,86.53,93.54,97.6,99.63,99.14,99.19,89.11,192,160,1024,0.01
cora_run4s1lku6n_VGAE,69.56,73.43,83.76,92.99,97.97,99.45,74.91,69.56,73.43,83.76,92.99,97.97,99.45,98.92,98.83,87.55,176,176,8192,0.01
cora_run6yub7xos_VGAE,42.99,73.43,83.76,92.99,97.97,99.45,58.56,42.99,73.43,83.76,92.99,97.97,99.45,98.92,98.83,87.55,176,176,8192,0.02
cora_runh2d2as9w_VGAE,39.3,71.59,86.53,93.54,97.6,99.63,55.74,39.3,71.59,86.53,93.54,97.6,99.63,99.14,99.19,89.11,192,160,1024,0.02
cora_run6z7sk5wf_VGAE,42.99,73.43,83.76,92.99,97.97,99.45,58.56,42.99,73.43,83.76,92.99,97.97,99.45,98.92,98.83,87.55,176,176,8192,0.04
cora_rune1ftbrfi_VGAE,42.99,73.43,83.76,92.99,97.97,99.45,58.56,42.99,73.43,83.76,92.99,97.97,99.45,98.92,98.83,87.55,176,176,8192,0.1
cora_run72w0w7qp_VGAE,39.3,71.59,86.53,93.54,97.6,99.63,55.74,39.3,71.59,86.53,93.54,97.6,99.63,99.14,99.19,89.11,192,160,1024,0.04
cora_runqx41e97m_VGAE,42.99,73.43,83.76,92.99,97.97,99.45,58.56,42.99,73.43,83.76,92.99,97.97,99.45,98.92,98.83,87.55,176,176,16384,0.01
cora_runlypnhvmj_VGAE,42.99,73.43,83.76,92.99,97.97,99.45,58.56,42.99,73.43,83.76,92.99,97.97,99.45,98.92,98.83,87.55,176,176,16384,0.02
cora_run0gldxtaj_VGAE,39.3,71.59,86.53,93.54,97.6,99.63,55.74,39.3,71.59,86.53,93.54,97.6,99.63,99.14,99.19,89.11,192,160,1024,0.1
cora_run9n5cwp4c_VGAE,42.99,73.43,83.76,92.99,97.97,99.45,58.56,42.99,73.43,83.76,92.99,97.97,99.45,98.92,98.83,87.55,176,176,16384,0.04
cora_runtfryqqzh_VGAE,42.99,73.43,83.76,92.99,97.97,99.45,58.56,42.99,73.43,83.76,92.99,97.97,99.45,98.92,98.83,87.55,176,176,16384,0.1
cora_runwto7mb7c_VGAE,39.3,71.59,86.53,93.54,97.6,99.63,55.74,39.3,71.59,86.53,93.54,97.6,99.63,99.14,99.19,89.11,192,160,2048,0.01
cora_runr27tk98f_VGAE,42.99,73.43,83.76,92.99,97.97,99.45,58.56,42.99,73.43,83.76,92.99,97.97,99.45,98.92,98.83,87.55,176,192,1024,0.01
cora_runyj1os7gp_VGAE,42.99,73.43,83.76,92.99,97.97,99.45,58.56,42.99,73.43,83.76,92.99,97.97,99.45,98.92,98.83,87.55,176,192,1024,0.02
cora_run3m7ecz5g_VGAE,39.3,71.59,86.53,93.54,97.6,99.63,55.74,39.3,71.59,86.53,93.54,97.6,99.63,99.14,99.19,89.11,192,160,2048,0.02
cora_runzm23b6jx_VGAE,42.99,73.43,83.76,92.99,97.97,99.45,58.56,42.99,73.43,83.76,92.99,97.97,99.45,98.92,98.83,87.55,176,192,1024,0.04
cora_runbw2rweuc_VGAE,42.99,73.43,83.76,92.99,97.97,99.45,58.56,42.99,73.43,83.76,92.99,97.97,99.45,98.92,98.83,87.55,176,192,1024,0.1
cora_runcfv4spws_VGAE,39.3,71.59,86.53,93.54,97.6,99.63,55.74,39.3,71.59,86.53,93.54,97.6,99.63,99.14,99.19,89.11,192,160,2048,0.04
cora_runrkcg6yo7_VGAE,42.99,73.43,83.76,92.99,97.97,99.45,58.56,42.99,73.43,83.76,92.99,97.97,99.45,98.92,98.83,87.55,176,192,2048,0.01
cora_runjew0x8zk_VGAE,42.99,73.43,83.76,92.99,97.97,99.45,58.56,42.99,73.43,83.76,92.99,97.97,99.45,98.92,98.83,87.55,176,192,2048,0.02
cora_runpugud1gc_VGAE,39.3,71.59,86.53,93.54,97.6,99.63,55.74,39.3,71.59,86.53,93.54,97.6,99.63,99.14,99.19,89.11,192,160,2048,0.1
cora_runp1v6ip17_VGAE,42.99,73.43,83.76,92.99,97.97,99.45,58.56,42.99,73.43,83.76,92.99,97.97,99.45,98.92,98.83,87.55,176,192,2048,0.04
cora_run0basnevz_VGAE,42.99,73.43,83.76,92.99,97.97,99.45,58.56,42.99,73.43,83.76,92.99,97.97,99.45,98.92,98.83,87.55,176,192,2048,0.1
cora_runnug596dn_VGAE,39.3,71.59,86.53,93.54,97.6,99.63,55.74,39.3,71.59,86.53,93.54,97.6,99.63,99.14,99.19,89.11,192,160,4096,0.01
cora_runmkpwp14e_VGAE,42.99,73.43,83.76,92.99,97.97,99.45,58.56,42.99,73.43,83.76,92.99,97.97,99.45,98.92,98.83,87.55,176,192,4096,0.01
cora_runpf8s6eub_VGAE,42.99,73.43,83.76,92.99,97.97,99.45,58.56,42.99,73.43,83.76,92.99,97.97,99.45,98.92,98.83,87.55,176,192,4096,0.02
cora_runvkpt8b4v_VGAE,39.3,71.59,86.53,93.54,97.6,99.63,55.74,39.3,71.59,86.53,93.54,97.6,99.63,99.14,99.19,89.11,192,160,4096,0.02
cora_runtj87if1g_VGAE,42.99,73.43,83.76,92.99,97.97,99.45,58.56,42.99,73.43,83.76,92.99,97.97,99.45,98.92,98.83,87.55,176,192,4096,0.04
cora_run4l3e31h2_VGAE,42.99,73.43,83.76,92.99,97.97,99.45,58.56,42.99,73.43,83.76,92.99,97.97,99.45,98.92,98.83,87.55,176,192,4096,0.1
cora_runw2l78e9g_VGAE,39.3,71.59,86.53,93.54,97.6,99.63,55.74,39.3,71.59,86.53,93.54,97.6,99.63,99.14,99.19,89.11,192,160,4096,0.04
cora_runrykyag1x_VGAE,42.99,73.43,83.76,92.99,97.97,99.45,58.56,42.99,73.43,83.76,92.99,97.97,99.45,98.92,98.83,87.55,176,192,8192,0.01
cora_run7vzj8uqe_VGAE,42.99,73.43,83.76,92.99,97.97,99.45,58.56,42.99,73.43,83.76,92.99,97.97,99.45,98.92,98.83,87.55,176,192,8192,0.02
cora_runymle0wwi_VGAE,39.3,71.59,86.53,93.54,97.6,99.63,55.74,39.3,71.59,86.53,93.54,97.6,99.63,99.14,99.19,89.11,192,160,4096,0.1
cora_runt86uptb6_VGAE,42.99,73.43,83.76,92.99,97.97,99.45,58.56,42.99,73.43,83.76,92.99,97.97,99.45,98.92,98.83,87.55,176,192,8192,0.04
cora_run16aueiii_VGAE,42.99,73.43,83.76,92.99,97.97,99.45,58.56,42.99,73.43,83.76,92.99,97.97,99.45,98.92,98.83,87.55,176,192,8192,0.1
cora_run593mqx9d_VGAE,39.3,71.59,86.53,93.54,97.6,99.63,55.74,39.3,71.59,86.53,93.54,97.6,99.63,99.14,99.19,89.11,192,160,8192,0.01
cora_runvuyvjvui_VGAE,42.99,73.43,83.76,92.99,97.97,99.45,58.56,42.99,73.43,83.76,92.99,97.97,99.45,98.92,98.83,87.55,176,192,16384,0.01
cora_run6x2smj70_VGAE,39.3,71.59,86.53,93.54,97.6,99.63,55.74,39.3,71.59,86.53,93.54,97.6,99.63,99.14,99.19,89.11,192,160,8192,0.02
cora_runa8r4dixa_VGAE,42.99,73.43,83.76,92.99,97.97,99.45,58.56,42.99,73.43,83.76,92.99,97.97,99.45,98.92,98.83,87.55,176,192,16384,0.02
cora_runb7h8kxl4_VGAE,42.99,73.43,83.76,92.99,97.97,99.45,58.56,42.99,73.43,83.76,92.99,97.97,99.45,98.92,98.83,87.55,176,192,16384,0.04
cora_run7727cce9_VGAE,39.3,71.59,86.53,93.54,97.6,99.63,55.74,39.3,71.59,86.53,93.54,97.6,99.63,99.14,99.19,89.11,192,160,8192,0.04
cora_runp2m7v8sb_VGAE,42.99,73.43,83.76,92.99,97.97,99.45,58.56,42.99,73.43,83.76,92.99,97.97,99.45,98.92,98.83,87.55,176,192,16384,0.1
cora_runob82miie_VGAE,42.99,73.43,83.76,92.99,97.97,99.45,58.56,42.99,73.43,83.76,92.99,97.97,99.45,98.92,98.83,87.55,192,160,1024,0.01
cora_runfjjhrevx_VGAE,39.3,71.59,86.53,93.54,97.6,99.63,55.74,39.3,71.59,86.53,93.54,97.6,99.63,99.14,99.19,89.11,192,160,8192,0.1
cora_runjd6r6rym_VGAE,42.99,73.43,83.76,92.99,97.97,99.45,58.56,42.99,73.43,83.76,92.99,97.97,99.45,98.92,98.83,87.55,192,160,1024,0.02
cora_runr3lzl3kp_VGAE,42.99,73.43,83.76,92.99,97.97,99.45,58.56,42.99,73.43,83.76,92.99,97.97,99.45,98.92,98.83,87.55,192,160,1024,0.04
cora_run5z920y1d_VGAE,39.3,71.59,86.53,93.54,97.6,99.63,55.74,39.3,71.59,86.53,93.54,97.6,99.63,99.14,99.19,89.11,192,160,16384,0.01
cora_runlhgryc40_VGAE,42.99,73.43,83.76,92.99,97.97,99.45,58.56,42.99,73.43,83.76,92.99,97.97,99.45,98.92,98.83,87.55,192,160,1024,0.1
cora_runq9x5qq5r_VGAE,42.99,73.43,83.76,92.99,97.97,99.45,58.56,42.99,73.43,83.76,92.99,97.97,99.45,98.92,98.83,87.55,192,160,2048,0.01
cora_runjjq5yyzx_VGAE,39.3,71.59,86.53,93.54,97.6,99.63,55.74,39.3,71.59,86.53,93.54,97.6,99.63,99.14,99.19,89.11,192,160,16384,0.02
cora_runv3843ebf_VGAE,42.99,73.43,83.76,92.99,97.97,99.45,58.56,42.99,73.43,83.76,92.99,97.97,99.45,98.92,98.83,87.55,192,160,2048,0.02
cora_runhw9l1mh2_VGAE,42.99,73.43,83.76,92.99,97.97,99.45,58.56,42.99,73.43,83.76,92.99,97.97,99.45,98.92,98.83,87.55,192,160,2048,0.04
cora_runo7910x9a_VGAE,39.3,71.59,86.53,93.54,97.6,99.63,55.74,39.3,71.59,86.53,93.54,97.6,99.63,99.14,99.19,89.11,192,160,16384,0.04
cora_run3ksjvwqh_VGAE,42.99,73.43,83.76,92.99,97.97,99.45,58.56,42.99,73.43,83.76,92.99,97.97,99.45,98.92,98.83,87.55,192,160,2048,0.1
cora_runzr65s9mi_VGAE,42.99,73.43,83.76,92.99,97.97,99.45,58.56,42.99,73.43,83.76,92.99,97.97,99.45,98.92,98.83,87.55,192,160,4096,0.01
cora_run0yajrkj1_VGAE,39.3,71.59,86.53,93.54,97.6,99.63,55.74,39.3,71.59,86.53,93.54,97.6,99.63,99.14,99.19,89.11,192,160,16384,0.1
cora_runcraqckgf_VGAE,42.99,73.43,83.76,92.99,97.97,99.45,58.56,42.99,73.43,83.76,92.99,97.97,99.45,98.92,98.83,87.55,192,160,4096,0.02
cora_rune7vu37dk_VGAE,42.99,73.43,83.76,92.99,97.97,98.89,58.56,42.99,73.43,83.76,92.99,97.97,98.89,98.63,98.68,86.16,192,160,4096,0.04
cora_runkfm28oh8_VGAE,39.3,71.59,86.53,93.54,97.6,99.63,55.74,39.3,71.59,86.53,93.54,97.6,99.63,99.14,99.19,89.11,192,176,1024,0.01
cora_runht6awd9l_VGAE,42.99,73.43,83.76,92.99,97.97,98.89,58.56,42.99,73.43,83.76,92.99,97.97,98.89,98.63,98.68,86.16,192,160,4096,0.1
cora_runnqt6k4gf_VGAE,42.99,73.43,83.76,92.99,97.97,98.89,58.56,42.99,73.43,83.76,92.99,97.97,98.89,98.63,98.68,86.16,192,160,8192,0.01
cora_run9ukgydhu_VGAE,39.3,71.59,86.53,93.54,97.6,99.63,55.74,39.3,71.59,86.53,93.54,97.6,99.63,99.14,99.19,89.11,192,176,1024,0.02
cora_run73y6ma3y_VGAE,42.99,73.43,83.76,92.99,97.97,98.89,58.56,42.99,73.43,83.76,92.99,97.97,98.89,98.63,98.68,86.16,192,160,8192,0.02
cora_runhuwyvwn5_VGAE,42.99,73.43,83.76,92.99,97.97,98.89,58.56,42.99,73.43,83.76,92.99,97.97,98.89,98.63,98.68,86.16,192,160,8192,0.04
cora_run64qawttn_VGAE,39.3,71.59,86.53,93.54,97.6,99.63,55.74,39.3,71.59,86.53,93.54,97.6,99.63,99.14,99.19,89.11,192,176,1024,0.04
cora_runcgzqfbsz_VGAE,42.99,73.43,83.76,92.99,97.97,98.89,58.56,42.99,73.43,83.76,92.99,97.97,98.89,98.63,98.68,86.16,192,160,8192,0.1
cora_runbth2q8v2_VGAE,42.99,73.43,83.76,92.99,97.97,98.89,58.56,42.99,73.43,83.76,92.99,97.97,98.89,98.63,98.68,86.16,192,160,16384,0.01
cora_runv45hfs9f_VGAE,39.3,71.59,86.53,93.54,97.6,99.63,55.74,39.3,71.59,86.53,93.54,97.6,99.63,99.14,99.19,89.11,192,176,1024,0.1
cora_runipdk3qm7_VGAE,42.99,73.43,83.76,92.99,97.97,98.89,58.56,42.99,73.43,83.76,92.99,97.97,98.89,98.63,98.68,86.16,192,160,16384,0.02
cora_runlgpiw9ba_VGAE,42.99,73.43,83.76,92.99,97.97,98.89,58.56,42.99,73.43,83.76,92.99,97.97,98.89,98.63,98.68,86.16,192,160,16384,0.04
cora_runmek0ncoq_VGAE,39.3,71.59,86.53,93.54,97.6,99.63,55.74,39.3,71.59,86.53,93.54,97.6,99.63,99.14,99.19,89.11,192,176,2048,0.01
cora_runemhdxg1t_VGAE,42.99,73.43,83.76,92.99,97.97,98.89,58.56,42.99,73.43,83.76,92.99,97.97,98.89,98.63,98.68,86.16,192,160,16384,0.1
cora_runkxbmpyu2_VGAE,42.99,73.43,83.76,92.99,97.97,98.89,58.56,42.99,73.43,83.76,92.99,97.97,98.89,98.63,98.68,86.16,192,176,1024,0.01
cora_run0mrbppxd_VGAE,39.3,71.59,86.53,93.54,97.6,99.63,55.74,39.3,71.59,86.53,93.54,97.6,99.63,99.14,99.19,89.11,192,176,2048,0.02
cora_runtcjkfzba_VGAE,42.99,73.43,83.76,92.99,97.97,98.89,58.56,42.99,73.43,83.76,92.99,97.97,98.89,98.63,98.68,86.16,192,176,1024,0.02
cora_runpbhlbemr_VGAE,42.99,73.43,83.76,92.99,97.97,98.89,58.56,42.99,73.43,83.76,92.99,97.97,98.89,98.63,98.68,86.16,192,176,1024,0.04
cora_runop5nvq0c_VGAE,39.3,71.59,86.53,93.54,97.6,99.63,55.74,39.3,71.59,86.53,93.54,97.6,99.63,99.14,99.19,89.11,192,176,2048,0.04
cora_runnmhbne6p_VGAE,42.99,73.43,83.76,92.99,97.97,98.89,58.56,42.99,73.43,83.76,92.99,97.97,98.89,98.63,98.68,86.16,192,176,1024,0.1
cora_run02sf412h_VGAE,42.99,73.43,83.76,92.99,97.97,98.89,58.56,42.99,73.43,83.76,92.99,97.97,98.89,98.63,98.68,86.16,192,176,2048,0.01
cora_runx628arcm_VGAE,42.99,68.63,83.76,92.99,97.97,98.89,58.56,42.99,68.63,83.76,92.99,97.97,98.89,98.63,98.68,86.16,192,176,2048,0.02
cora_rung18w3lla_VGAE,39.3,71.59,86.53,93.54,97.6,99.63,55.74,39.3,71.59,86.53,93.54,97.6,99.63,99.14,99.19,89.11,192,176,2048,0.1
cora_run5haotgbu_VGAE,42.99,68.63,83.76,92.99,97.97,98.89,58.56,42.99,68.63,83.76,92.99,97.97,98.89,98.63,98.68,86.16,192,176,2048,0.04
cora_runp56bv6c5_VGAE,42.99,68.63,83.76,92.99,97.97,98.89,58.56,42.99,68.63,83.76,92.99,97.97,98.89,98.63,98.68,86.16,192,176,2048,0.1
cora_runo8q8x35l_VGAE,42.99,68.63,83.76,92.99,97.97,98.89,58.56,42.99,68.63,83.76,92.99,97.97,98.89,98.63,98.68,86.16,192,176,4096,0.01
cora_run3n5zdv1j_VGAE,39.3,71.59,86.53,93.54,97.6,99.63,55.74,39.3,71.59,86.53,93.54,97.6,99.63,99.14,99.19,89.11,192,176,4096,0.01
cora_runloo79u58_VGAE,42.99,68.63,83.76,92.99,97.97,98.89,58.56,42.99,68.63,83.76,92.99,97.97,98.89,98.63,98.68,86.16,192,176,4096,0.02
cora_runf67879up_VGAE,42.99,68.63,83.76,92.99,97.97,98.89,58.56,42.99,68.63,83.76,92.99,97.97,98.89,98.63,98.68,86.16,192,176,4096,0.04
cora_runuw5dn3g9_VGAE,42.99,68.63,83.76,92.99,97.97,98.89,58.56,42.99,68.63,83.76,92.99,97.97,98.89,98.63,98.68,86.16,192,176,4096,0.1
cora_runm4arvbl8_VGAE,39.3,71.59,86.53,93.54,97.6,99.63,55.74,39.3,71.59,86.53,93.54,97.6,99.63,99.14,99.19,89.11,192,176,4096,0.02
cora_run7fm34lez_VGAE,42.99,68.63,83.76,92.99,97.97,98.89,58.56,42.99,68.63,83.76,92.99,97.97,98.89,98.63,98.68,86.16,192,176,8192,0.01
cora_rundaso2dqq_VGAE,42.99,68.63,83.76,88.93,97.97,98.89,58.56,42.99,68.63,83.76,88.93,97.97,98.89,98.63,98.68,86.16,192,176,8192,0.02
cora_runtcpzl71i_VGAE,42.99,68.63,83.76,88.93,97.97,98.89,58.56,42.99,68.63,83.76,88.93,97.97,98.89,98.63,98.68,86.16,192,176,8192,0.04
cora_run4vkoa29k_VGAE,39.3,71.59,86.53,93.54,97.6,99.63,55.74,39.3,71.59,86.53,93.54,97.6,99.63,99.14,99.19,89.11,192,176,4096,0.04
cora_run8hz6qwuz_VGAE,42.99,68.63,83.76,88.93,97.97,98.89,58.56,42.99,68.63,83.76,88.93,97.97,98.89,98.63,98.68,86.16,192,176,8192,0.1
cora_runqcgkux1g_VGAE,42.99,68.63,83.76,88.93,97.97,98.89,58.56,42.99,68.63,83.76,88.93,97.97,98.89,98.63,98.68,86.16,192,176,16384,0.01
cora_runnxkoxrvw_VGAE,42.99,68.63,83.76,88.93,97.97,98.89,58.56,42.99,68.63,83.76,88.93,97.97,98.89,98.63,98.68,86.16,192,176,16384,0.02
cora_runxtyr1ton_VGAE,39.3,71.59,86.53,93.54,97.6,99.63,55.74,39.3,71.59,86.53,93.54,97.6,99.63,99.14,99.19,89.11,192,176,4096,0.1
cora_runz8x1awna_VGAE,42.99,68.63,83.76,88.93,97.97,98.89,58.56,42.99,68.63,83.76,88.93,97.97,98.89,98.63,98.68,86.16,192,176,16384,0.04
cora_runu31fr555_VGAE,42.99,68.63,83.76,88.93,97.97,98.89,58.56,42.99,68.63,83.76,88.93,97.97,98.89,98.63,98.68,86.16,192,176,16384,0.1
cora_runtcsr6j68_VGAE,42.99,68.63,83.76,88.93,97.97,98.89,58.56,42.99,68.63,83.76,88.93,97.97,98.89,98.63,98.68,86.16,192,192,1024,0.01
cora_runhnxu85rm_VGAE,39.3,71.59,86.53,93.54,97.6,99.63,55.74,39.3,71.59,86.53,93.54,97.6,99.63,99.14,99.19,89.11,192,176,8192,0.01
cora_runh4cr599e_VGAE,42.99,68.63,83.76,88.93,97.97,98.89,58.56,42.99,68.63,83.76,88.93,97.97,98.89,98.63,98.68,86.16,192,192,1024,0.02
cora_runtl0zbcmc_VGAE,42.99,68.63,83.76,88.93,97.97,98.89,58.56,42.99,68.63,83.76,88.93,97.97,98.89,98.63,98.68,86.16,192,192,1024,0.04
cora_runmo6q8dg2_VGAE,42.99,68.63,83.76,88.93,97.97,98.89,58.56,42.99,68.63,83.76,88.93,97.97,98.89,98.63,98.68,86.16,192,192,1024,0.1
cora_runh4wlzsiz_VGAE,39.3,71.59,86.53,93.54,97.6,99.63,55.74,39.3,71.59,86.53,93.54,97.6,99.63,99.14,99.19,89.11,192,176,8192,0.02
cora_runplwqb9h1_VGAE,42.99,68.63,83.76,88.93,97.97,98.89,58.56,42.99,68.63,83.76,88.93,97.97,98.89,98.63,98.68,86.16,192,192,2048,0.01
cora_run66jxffwn_VGAE,42.99,68.63,83.76,88.93,97.97,98.89,58.56,42.99,68.63,83.76,88.93,97.97,98.89,98.63,98.68,86.16,192,192,2048,0.02
cora_runohuo1bwy_VGAE,42.99,68.63,83.76,88.93,97.97,98.89,58.56,42.99,68.63,83.76,88.93,97.97,98.89,98.63,98.68,86.16,192,192,2048,0.04
cora_rundxvpi3oz_VGAE,39.3,71.59,86.53,93.54,97.6,99.63,55.74,39.3,71.59,86.53,93.54,97.6,99.63,99.14,99.19,89.11,192,176,8192,0.04
cora_runtg8gjpdp_VGAE,42.99,68.63,83.76,88.93,97.97,98.89,58.56,42.99,68.63,83.76,88.93,97.97,98.89,98.63,98.68,86.16,192,192,2048,0.1
cora_runsl7d827v_VGAE,42.99,68.63,83.76,88.93,97.97,98.89,58.56,42.99,68.63,83.76,88.93,97.97,98.89,98.63,98.68,86.16,192,192,4096,0.01
cora_runpy96r0hf_VGAE,42.99,68.63,83.76,88.93,97.97,98.89,58.56,42.99,68.63,83.76,88.93,97.97,98.89,98.63,98.68,86.16,192,192,4096,0.02
cora_runrauuk5uy_VGAE,42.99,68.63,83.76,88.93,97.97,98.89,58.56,42.99,68.63,83.76,88.93,97.97,98.89,98.63,98.68,86.16,192,192,4096,0.04
cora_run14pxqrjg_VGAE,39.3,71.59,86.53,93.54,97.6,99.63,55.74,39.3,71.59,86.53,93.54,97.6,99.63,99.14,99.19,89.11,192,176,8192,0.1
cora_runymd2h3id_VGAE,42.99,68.63,83.76,88.93,97.97,98.89,58.56,42.99,68.63,83.76,88.93,97.97,98.89,98.63,98.68,86.16,192,192,4096,0.1
cora_runxznc058h_VGAE,42.99,68.63,83.76,88.93,97.97,98.89,58.56,42.99,68.63,83.76,88.93,97.97,98.89,98.63,98.68,86.16,192,192,8192,0.01
cora_run3pb3to4n_VGAE,42.99,68.63,83.76,88.93,97.97,98.89,58.56,42.99,68.63,83.76,88.93,97.97,98.89,98.63,98.68,86.16,192,192,8192,0.02
cora_runjr3ir956_VGAE,39.3,71.59,86.53,93.54,97.6,99.63,55.74,39.3,71.59,86.53,93.54,97.6,99.63,99.14,99.19,89.11,192,176,16384,0.01
cora_runhy9cdem4_VGAE,42.99,68.63,83.76,88.93,97.97,98.89,58.56,42.99,68.63,83.76,88.93,97.97,98.89,98.63,98.68,86.16,192,192,8192,0.04
cora_runonsejpdl_VGAE,42.99,68.63,83.76,88.93,97.97,98.89,58.56,42.99,68.63,83.76,88.93,97.97,98.89,98.63,98.68,86.16,192,192,8192,0.1
cora_runtc9two64_VGAE,40.04,66.42,86.53,93.54,97.6,99.63,56.01,40.04,66.42,86.53,93.54,97.6,99.63,99.14,99.19,89.11,192,176,16384,0.02
cora_runwsd0vjmm_VGAE,42.99,68.63,83.76,88.93,97.97,98.89,58.56,42.99,68.63,83.76,88.93,97.97,98.89,98.63,98.68,86.16,192,192,16384,0.01
cora_runfxcp4kcg_VGAE,42.99,68.63,83.76,88.93,97.97,98.89,58.56,42.99,68.63,83.76,88.93,97.97,98.89,98.63,98.68,86.16,192,192,16384,0.02
cora_runtaz8e8q7_VGAE,42.99,68.63,83.76,88.93,97.97,98.89,58.56,42.99,68.63,83.76,88.93,97.97,98.89,98.63,98.68,86.16,192,192,16384,0.04
cora_run5azvwlhg_VGAE,40.04,66.42,86.53,93.54,97.6,99.63,56.01,40.04,66.42,86.53,93.54,97.6,99.63,99.14,99.19,89.11,192,176,16384,0.04
cora_runbia6u2oz_VGAE,42.99,68.63,83.76,88.93,97.97,98.89,58.56,42.99,68.63,83.76,88.93,97.97,98.89,98.63,98.68,86.16,192,192,16384,0.1
cora_runq5z1u6rh_VGAE,40.04,66.42,86.53,93.54,97.6,99.63,56.01,40.04,66.42,86.53,93.54,97.6,99.63,99.14,99.19,89.11,192,176,16384,0.1
cora_runtrwyw60l_VGAE,40.04,66.42,86.53,93.54,97.6,99.63,56.01,40.04,66.42,86.53,93.54,97.6,99.63,99.14,99.19,89.11,192,192,1024,0.01
cora_runp2bknm8w_VGAE,40.04,66.42,86.53,93.54,97.6,99.63,56.01,40.04,66.42,86.53,93.54,97.6,99.63,99.14,99.19,89.11,192,192,1024,0.02
cora_runfjb0bo2q_VGAE,40.04,66.42,86.53,93.54,97.6,99.63,56.01,40.04,66.42,86.53,93.54,97.6,99.63,99.14,99.19,89.11,192,192,1024,0.04
cora_run3ct9td3w_VGAE,40.04,66.42,86.53,93.54,97.6,99.63,56.01,40.04,66.42,86.53,93.54,97.6,99.63,99.14,99.19,89.11,192,192,1024,0.1
cora_run7yjh3ity_VGAE,40.04,66.42,86.53,93.54,97.6,99.63,56.01,40.04,66.42,86.53,93.54,97.6,99.63,99.14,99.19,89.11,192,192,2048,0.01
cora_run0xklhvog_VGAE,40.04,66.42,86.53,93.54,97.6,99.63,56.01,40.04,66.42,86.53,93.54,97.6,99.63,99.14,99.19,89.11,192,192,2048,0.02
cora_runz4yolsep_VGAE,40.04,66.42,86.53,93.54,97.6,99.63,56.01,40.04,66.42,86.53,93.54,97.6,99.63,99.14,99.19,89.11,192,192,2048,0.04
cora_runa4g04g4m_VGAE,40.04,66.42,86.53,93.54,97.6,99.63,56.01,40.04,66.42,86.53,93.54,97.6,99.63,99.14,99.19,89.11,192,192,2048,0.1
cora_runk0sgdlnp_VGAE,40.04,66.42,86.53,93.54,97.6,99.63,56.01,40.04,66.42,86.53,93.54,97.6,99.63,99.14,99.19,89.11,192,192,4096,0.01
cora_run121863wq_VGAE,40.04,66.42,86.53,93.54,97.6,99.63,56.01,40.04,66.42,86.53,93.54,97.6,99.63,99.14,99.19,89.11,192,192,4096,0.02
cora_runf62eii66_VGAE,40.04,66.42,86.53,93.54,97.6,99.63,56.01,40.04,66.42,86.53,93.54,97.6,99.63,99.14,99.19,89.11,192,192,4096,0.04
cora_runjp7nv7tv_VGAE,40.04,66.42,86.53,93.54,97.6,99.63,56.01,40.04,66.42,86.53,93.54,97.6,99.63,99.14,99.19,89.11,192,192,4096,0.1
cora_runcbdywagh_VGAE,40.04,66.42,86.53,93.54,97.6,99.63,56.01,40.04,66.42,86.53,93.54,97.6,99.63,99.14,99.19,89.11,192,192,8192,0.01
cora_runo9r62vwm_VGAE,40.04,66.42,86.53,93.54,97.6,99.63,56.01,40.04,66.42,86.53,93.54,97.6,99.63,99.14,99.19,89.11,192,192,8192,0.02
cora_run2kzcdi50_VGAE,40.04,66.42,86.53,93.54,97.6,99.63,56.01,40.04,66.42,86.53,93.54,97.6,99.63,99.14,99.19,89.11,192,192,8192,0.04
cora_rundf92g3my_VGAE,40.04,66.42,86.53,93.54,97.6,99.63,56.01,40.04,66.42,86.53,93.54,97.6,99.63,99.14,99.19,89.11,192,192,8192,0.1
cora_runka8fluqn_VGAE,40.04,66.42,86.53,93.54,97.6,99.63,56.01,40.04,66.42,86.53,93.54,97.6,99.63,99.14,99.19,89.11,192,192,16384,0.01
cora_run1861i1lr_VGAE,40.04,66.42,86.53,93.54,97.6,99.63,56.01,40.04,66.42,86.53,93.54,97.6,99.63,99.14,99.19,89.11,192,192,16384,0.02
cora_run25i5p8sq_VGAE,40.04,66.42,86.53,93.54,97.6,99.63,56.01,40.04,66.42,86.53,93.54,97.6,99.63,99.14,99.19,89.11,192,192,16384,0.04
cora_runo2u9ty60_VGAE,40.04,66.42,86.53,93.54,97.6,99.63,56.01,40.04,66.42,86.53,93.54,97.6,99.63,99.14,99.19,89.11,192,192,16384,0.1
cora_runjrh8fpkj_VGAE,91.33,91.33,95.57,95.94,98.52,98.89,92.18,91.33,91.33,95.57,95.94,98.52,98.89,99.5,99.59,96.31,160,160,8192,0.01
cora_run2z5syv27_VGAE,91.33,91.33,95.57,95.94,98.52,99.45,92.18,91.33,91.33,95.57,95.94,98.52,99.45,98.91,99.59,95.29,160,160,8192,0.04
cora_runn7vzv6dt_VGAE,91.33,91.33,95.94,95.94,98.52,99.45,92.18,91.33,91.33,95.94,95.94,98.52,99.45,99.16,99.5,95.29,160,160,16384,0.01
cora_run5wv62g6m_VGAE,91.33,91.33,95.94,95.94,98.52,99.45,92.18,91.33,91.33,95.94,95.94,98.52,99.45,99.16,99.5,95.29,160,160,16384,0.04
cora_runyl8hk18l_VGAE,91.33,91.33,95.94,95.94,98.52,99.45,92.18,91.33,91.33,95.94,95.94,98.52,99.45,99.16,99.5,96.59,160,176,8192,0.01
cora_run8h79int9_VGAE,91.33,91.33,95.94,95.94,98.52,99.08,92.18,91.33,91.33,95.94,95.94,98.52,99.08,99.16,99.5,96.59,160,176,8192,0.04
cora_runtq6y9aje_VGAE,64.94,91.14,94.65,95.94,98.52,99.08,75.93,64.94,91.14,94.65,95.94,98.52,99.08,99.33,99.48,96.59,160,176,16384,0.01
cora_run83u3ztrx_GAE,26.01,42.62,95.2,96.31,97.79,98.89,42.63,26.01,42.62,95.2,96.31,97.79,98.89,99.04,99.2,96.59,160,160,8192,0.01
cora_runrlfo8ks6_VGAE,64.94,91.14,94.65,95.94,98.52,99.08,75.93,64.94,91.14,94.65,95.94,98.52,99.08,99.33,99.48,96.59,160,176,16384,0.04
cora_runkg9tl9q1_GAE,26.01,42.62,95.2,96.31,97.79,98.89,42.63,26.01,42.62,95.2,96.31,97.79,98.89,99.04,99.2,96.59,160,160,8192,0.04
cora_runegjs5008_VGAE,64.94,91.14,94.65,95.94,98.52,98.71,75.93,64.94,91.14,94.65,95.94,98.52,98.71,98.87,99.48,96.59,176,160,8192,0.01
cora_runl5x7v1ln_GAE,26.01,42.62,95.2,96.31,97.79,98.89,42.63,26.01,42.62,95.2,96.31,97.79,98.89,99.11,99.2,96.59,160,160,16384,0.01
cora_run3ousxuzk_VGAE,64.94,91.14,94.65,95.94,98.52,98.71,75.93,64.94,91.14,94.65,95.94,98.52,98.71,98.87,99.48,96.59,176,160,8192,0.04
cora_runiot7kq17_GAE,26.01,42.62,95.2,96.31,97.79,98.89,42.63,26.01,42.62,95.2,96.31,97.79,98.89,99.11,99.2,96.59,160,160,16384,0.04
cora_runkmz2mcvb_GAE,26.01,42.62,95.2,96.31,98.15,98.89,42.63,26.01,42.62,95.2,96.31,98.15,98.89,99.11,99.2,96.59,160,176,8192,0.01
cora_runmb2ytoe9_VGAE,64.94,91.14,95.02,95.94,98.52,98.71,75.93,64.94,91.14,95.02,95.94,98.52,98.71,99.32,99.48,96.59,176,160,16384,0.01
cora_runvdl2omxm_GAE,26.01,42.62,95.2,96.31,98.15,98.89,42.63,26.01,42.62,95.2,96.31,98.15,98.89,99.11,99.2,96.59,160,176,8192,0.04
cora_runl1nl2blh_VGAE,64.94,91.14,95.02,95.94,98.52,98.71,75.93,64.94,91.14,95.02,95.94,98.52,98.71,99.32,99.48,96.59,176,160,16384,0.04
cora_runx9prqkpg_GAE,78.23,87.08,95.2,96.31,98.15,98.89,84.1,78.23,87.08,95.2,96.31,98.15,98.89,99.11,99.2,96.77,160,176,16384,0.01
cora_runeg0aenzr_VGAE,64.94,91.14,94.83,95.94,98.52,98.71,75.93,64.94,91.14,94.83,95.94,98.52,98.71,99.32,99.48,96.59,176,176,8192,0.01
cora_runtr5avtaj_GAE,78.23,87.08,95.2,96.31,98.15,98.89,84.1,78.23,87.08,95.2,96.31,98.15,98.89,99.11,99.2,96.77,160,176,16384,0.04
cora_run3br8xkzg_VGAE,64.94,91.14,94.83,95.94,98.52,98.71,75.93,64.94,91.14,94.83,95.94,98.52,98.71,99.32,99.48,96.59,176,176,8192,0.04
cora_runlcqio23n_GAE,78.23,87.08,95.76,96.31,97.79,98.71,84.1,78.23,87.08,95.76,96.31,97.79,98.71,98.86,99.2,96.77,176,160,8192,0.01
cora_runpbh37ict_VGAE,64.94,91.14,94.83,95.94,98.52,98.71,75.93,64.94,91.14,94.83,95.94,98.52,98.71,99.32,99.48,96.59,176,176,16384,0.01
cora_runt0914i5e_GAE,78.23,87.08,95.76,96.31,97.79,98.71,84.1,78.23,87.08,95.76,96.31,97.79,98.71,98.86,99.2,96.77,176,160,8192,0.04
cora_runmh5ps7v4_VGAE,64.94,91.14,94.83,95.94,98.52,98.71,75.93,64.94,91.14,94.83,95.94,98.52,98.71,99.32,99.48,96.59,176,176,16384,0.04
cora_run7jyu7m7v_GAE,78.23,87.27,95.57,96.31,97.79,98.71,84.1,78.23,87.27,95.57,96.31,97.79,98.71,99.33,99.41,96.49,176,160,16384,0.01
cora_runiglctzuf_GAE,78.23,87.27,95.57,96.31,97.79,98.71,84.1,78.23,87.27,95.57,96.31,97.79,98.71,99.33,99.41,96.49,176,160,16384,0.04
cora_runp9ap9njj_GAE,78.23,87.27,95.57,96.31,97.79,98.71,84.1,78.23,87.27,95.57,96.31,97.79,98.71,99.33,99.41,96.49,176,176,8192,0.01
cora_runtgldbko6_GAE,78.23,87.27,95.57,96.31,97.79,98.71,84.1,78.23,87.27,95.57,96.31,97.79,98.71,99.33,99.41,96.49,176,176,8192,0.04
cora_runddyvwssq_GAE,78.23,87.27,95.57,96.31,97.79,98.71,84.1,78.23,87.27,95.57,96.31,97.79,98.71,99.33,99.41,96.49,176,176,16384,0.01
cora_run7464bva5_GAE,78.23,87.27,95.57,96.31,97.79,98.71,84.1,78.23,87.27,95.57,96.31,97.79,98.71,99.33,99.41,96.49,176,176,16384,0.04
Best,91.33,91.33,95.94,96.31,98.52,99.63,92.18,91.33,91.33,95.94,96.31,98.52,99.63,99.5,99.59,96.77,192,192,16384,0.1
