Metric,Hits@1,Hits@3,Hits@10,Hits@20,Hits@50,Hits@100,MRR,mrr_hit1,mrr_hit3,mrr_hit10,mrr_hit20,mrr_hit50,mrr_hit100,AUC,AP,acc,out_channels,hidden_channels,batch_size_sampler,walk_length,num_steps,sample_coverage,epochs,batch_size
cora_rungvhzresg_GAE,21.06,38.33,63.37,79.22,94.79,98.55,34.5,21.06,38.33,61.57,77.52,94.79,98.55,92.83,94.94,82.7,160,160,128,40,20,100,50,
cora_runv0vbr266_GAE,7.91,38.33,63.37,79.22,94.79,98.55,34.5,7.91,38.33,61.57,77.52,94.79,98.55,92.83,94.94,79.97,160,160,128,40,20,150,50,
cora_runvo1hl4fr_GAE,7.91,38.33,63.37,79.22,94.79,98.55,34.5,7.91,38.33,61.57,77.52,94.79,98.55,92.83,94.94,81.98,160,160,128,40,20,200,50,
cora_runfyv79x1r_GAE,7.91,38.33,63.37,79.22,94.79,98.55,34.5,7.91,38.33,61.57,79.07,94.84,98.55,92.83,94.94,81.98,160,160,128,40,30,100,50,
cora_run88b8ywik_GAE,7.91,38.33,63.37,79.22,94.79,98.55,34.5,7.91,38.33,61.57,79.07,94.46,98.55,92.83,94.94,80.24,160,160,128,40,30,150,50,
cora_run9cdnvh6q_GAE,7.91,38.33,61.81,77.15,94.79,98.88,34.5,7.91,38.33,61.81,79.07,93.83,98.88,92.83,94.94,80.24,160,160,128,40,30,200,50,
cora_run48lz88lz_GAE,7.91,38.33,61.81,77.15,94.79,98.88,34.5,7.91,38.33,61.81,79.07,93.83,98.88,92.83,94.94,80.24,160,160,128,60,20,100,50,
cora_runv6lauqdm_GAE,7.91,38.33,61.81,77.15,94.79,98.88,34.5,7.91,38.33,61.81,79.07,93.83,98.88,92.83,94.94,80.24,160,160,128,60,20,150,50,
cora_run7i0s9a7o_GAE,7.91,38.33,61.81,77.15,94.79,98.88,34.5,7.91,38.33,61.81,79.07,93.83,98.88,92.83,94.94,80.24,160,160,128,60,20,200,50,
cora_run8uhvbu61_GAE,7.91,38.33,61.81,77.15,94.79,98.88,34.5,7.91,38.33,61.81,79.07,93.83,98.88,92.83,94.94,80.24,160,160,128,60,30,100,50,
cora_runt4d1oal4_GAE,7.91,38.33,61.81,77.15,94.79,98.88,34.5,7.91,38.33,61.81,79.07,93.83,98.88,92.83,94.94,80.24,160,160,128,60,30,150,50,
cora_run6y9tyawe_GAE,7.91,38.33,61.81,77.15,94.79,98.88,34.5,7.91,38.33,61.81,79.07,93.83,98.88,92.83,94.94,80.24,160,160,128,60,30,200,50,
cora_runtbsbjlsq_GAE,7.91,38.33,61.81,77.15,94.79,98.88,34.5,7.91,38.33,61.81,79.07,93.83,98.88,92.83,94.94,80.24,160,160,128,80,20,100,50,
cora_run7t5pv8d6_GAE,7.91,38.33,61.81,77.15,94.79,98.88,34.5,7.91,38.33,61.81,79.07,93.83,98.88,92.83,94.94,80.24,160,160,128,80,20,150,50,
cora_run279q2hxm_GAE,7.91,38.33,61.81,77.15,94.79,98.88,34.5,7.91,38.33,61.81,79.07,93.83,98.88,92.83,94.94,80.24,160,160,128,80,20,200,50,
cora_runo3q0ewn7_GAE,7.91,38.33,61.81,77.15,94.79,98.88,34.5,7.91,38.33,61.81,79.07,93.83,98.88,92.83,94.94,80.24,160,160,128,80,30,100,50,
cora_runbyz6eixd_GAE,7.91,38.33,61.81,77.15,94.79,98.88,34.5,7.91,38.33,61.81,79.07,93.83,98.88,92.83,94.94,80.24,160,160,128,80,30,150,50,
cora_run6mpjunaa_GAE,7.91,38.33,61.81,77.15,94.79,98.88,34.5,7.91,38.33,61.81,79.07,93.83,98.88,92.83,94.94,80.24,160,160,128,80,30,200,50,
cora_runcikji216_GAE,7.91,38.33,61.81,77.15,94.79,98.88,34.5,7.91,38.33,61.81,79.07,93.83,98.88,92.83,94.94,80.24,160,160,256,40,20,100,50,
cora_runfnn86pjc_GAE,7.91,38.33,61.81,77.15,94.79,98.88,34.5,7.91,38.33,61.81,79.07,93.83,98.88,92.83,94.94,80.24,160,160,256,40,20,150,50,
cora_run4f0eucf7_GAE,7.91,38.33,61.81,77.15,94.79,98.88,34.5,7.91,38.33,61.81,79.07,93.83,98.88,92.83,94.94,80.24,160,160,256,40,20,200,50,
cora_run26dvz4eq_GAE,7.91,38.33,61.81,77.15,94.79,98.88,34.5,7.91,38.33,61.81,79.07,93.83,98.88,92.83,94.94,80.24,160,160,256,40,30,100,50,
cora_runuz7h6fg3_GAE,7.91,38.33,61.81,77.15,94.79,98.88,34.5,7.91,38.33,61.81,79.07,93.83,98.88,92.83,94.94,80.24,160,160,256,40,30,150,50,
cora_run2v7k0c7g_GAE,7.91,38.33,61.81,77.15,94.79,98.88,34.5,7.91,38.33,61.81,79.07,93.83,98.88,92.83,94.94,80.24,160,160,256,40,30,200,50,
cora_runt7hl37kh_GAE,7.91,38.33,61.81,77.15,94.79,98.88,34.5,7.91,38.33,61.81,79.07,93.83,98.88,92.83,94.94,80.24,160,160,256,60,20,100,50,
cora_rundn1qqs8p_GAE,7.91,38.33,61.81,77.15,94.79,98.88,34.5,7.91,38.33,61.81,79.07,93.83,98.88,92.83,94.94,80.24,160,160,256,60,20,150,50,
cora_run71uensjp_GAE,7.91,38.33,61.81,77.15,94.79,98.88,34.5,7.91,38.33,61.81,79.07,93.83,98.88,92.83,94.94,80.24,160,160,256,60,20,200,50,
cora_runlpxfbp19_GAE,7.91,38.33,61.81,77.15,94.79,98.88,34.5,7.91,38.33,61.81,79.07,93.83,98.88,92.83,94.94,80.24,160,160,256,60,30,100,50,
cora_runu2bxtiqm_GAE,7.91,38.33,61.81,77.15,94.79,98.88,34.5,7.91,38.33,61.81,79.07,93.83,98.88,92.83,94.94,80.24,160,160,256,60,30,150,50,
cora_runpzoik6c3_GAE,7.91,38.33,61.81,77.15,94.79,98.88,34.5,7.91,38.33,61.81,79.07,93.83,98.88,92.83,94.94,80.24,160,160,256,60,30,200,50,
cora_runzd78tayo_GAE,7.91,38.33,61.81,77.15,94.79,98.88,34.5,7.91,38.33,61.81,79.07,93.83,98.88,92.83,94.94,80.24,160,160,256,80,20,100,50,
cora_runt8x6sxyv_GAE,7.91,38.33,61.81,77.15,94.79,98.88,34.5,7.91,38.33,61.81,79.07,93.83,98.88,92.83,94.94,80.24,160,160,256,80,20,150,50,
cora_runfaxkq27q_GAE,7.91,38.33,61.81,77.15,94.79,98.88,34.5,7.91,38.33,61.81,79.07,93.83,98.88,92.83,94.94,80.24,160,160,256,80,20,200,50,
cora_run3sjraexu_GAE,7.91,38.33,61.81,77.15,94.79,98.88,34.5,7.91,38.33,61.81,79.07,93.83,98.88,92.83,94.94,80.24,160,160,256,80,30,100,50,
cora_runa49d9xea_GAE,7.91,38.33,61.81,77.15,94.79,98.88,34.5,7.91,38.33,61.81,79.07,93.83,98.88,92.83,94.94,80.24,160,160,256,80,30,150,50,
cora_runifkjperm_GAE,7.91,38.33,61.81,77.15,94.79,98.88,34.5,7.91,38.33,61.81,79.07,93.83,98.88,92.83,94.94,80.24,160,160,256,80,30,200,50,
cora_runkaqlrdlj_GAE,7.91,38.33,61.81,77.15,94.79,98.88,34.5,7.91,38.33,61.81,79.07,93.83,98.88,92.83,94.94,80.24,160,160,512,40,20,100,50,
cora_runugk6tx2q_GAE,0.0,0.0,0.0,0.0,11.37,88.93,3.01,0.0,0.0,0.0,0.0,75.72,88.93,89.16,85.48,75.81,160,160,512,40,20,100,200,
cora_runlk3satc9_GAE,0.0,0.0,0.0,0.0,11.37,88.93,3.01,0.0,0.0,0.0,0.0,75.72,88.93,89.16,85.48,75.11,160,160,512,40,20,150,200,
cora_runtq7e8aps_GAE,0.0,0.0,0.0,0.0,11.37,88.93,3.01,0.0,0.0,0.0,0.0,75.72,88.93,89.16,85.48,76.37,160,160,512,40,20,200,200,
cora_runaxmuke9k_GAE,0.0,0.0,0.0,0.0,11.37,88.93,3.01,0.0,0.0,0.0,0.0,75.72,88.93,89.16,85.48,74.24,160,160,512,40,30,100,200,
cora_runodou90hl_GAE,0.0,0.0,0.0,0.0,11.37,88.93,3.01,0.0,0.0,0.0,0.0,75.72,88.93,89.16,85.48,74.24,160,160,512,40,30,150,200,
cora_runaz1p25q6_GAE,0.0,0.0,0.0,0.0,11.37,88.93,3.01,0.0,0.0,0.0,0.0,75.72,88.93,89.16,85.48,74.24,160,160,512,40,30,200,200,
cora_run1qwzj2xi_GAE,0.0,0.0,0.0,0.0,11.37,88.93,3.01,0.0,0.0,0.0,0.0,75.72,88.93,89.16,85.48,74.24,160,160,512,60,20,100,200,
cora_runnfhpf3f7_GAE,0.0,0.0,0.0,0.0,11.37,88.93,3.01,0.0,0.0,0.0,0.0,75.72,88.93,89.16,85.48,74.24,160,160,512,60,20,150,200,
cora_runuc1u7tmx_GAE,0.0,0.0,0.0,0.0,11.37,88.93,3.01,0.0,0.0,0.0,0.0,75.72,88.93,89.16,85.48,74.24,160,160,512,60,20,200,200,
cora_runeii6undi_GAE,0.0,0.0,0.0,0.0,11.37,88.93,3.01,0.0,0.0,0.0,0.0,75.72,88.93,89.16,85.48,74.24,160,160,512,60,30,100,200,
cora_runfc2wg765_GAE,0.0,0.0,0.0,0.0,11.37,88.93,3.01,0.0,0.0,0.0,0.0,75.72,88.93,89.16,85.48,74.24,160,160,512,60,30,150,200,
cora_run9uo1xjrr_GAE,0.0,0.0,0.0,0.0,11.37,88.93,3.01,0.0,0.0,0.0,0.0,75.72,88.93,89.16,85.48,74.24,160,160,512,60,30,200,200,
cora_runwhn64x1r_GAE,0.0,0.0,33.21,51.32,71.77,87.46,11.26,0.0,15.42,33.21,51.32,71.77,89.83,90.14,89.69,75.25,160,160,512,40,20,100,30,
cora_runsc392v5n_GAE,0.0,0.0,26.58,39.52,70.13,81.95,9.59,0.0,7.64,28.7,39.53,70.13,81.95,89.29,88.21,73.44,160,160,1024,40,20,100,30,
cora_runx6jsmh2f_GAE,0.0,0.0,26.58,39.52,70.13,81.95,9.59,0.0,7.64,28.7,39.53,67.19,81.95,90.8,88.21,74.96,160,160,1024,40,20,150,30,
cora_rung1l0x2ae_GAE,50.55,55.46,84.05,96.48,100.0,100.0,58.22,50.55,55.46,84.05,96.48,100.0,100.0,93.07,96.59,83.85,32,32,128,10,5,50,30,
cora_runkvhknujv_GAE,35.89,61.85,90.27,98.08,100.0,100.0,52.98,35.89,61.85,90.27,98.08,100.0,100.0,91.75,96.33,86.51,32,32,128,10,5,100,30,
cora_run9ekz7prv_GAE,49.83,61.85,92.85,98.08,100.0,100.0,61.71,49.83,61.85,92.85,98.08,100.0,100.0,92.47,96.45,85.89,32,32,128,10,5,150,30,
cora_runp91xnd5n_GAE,49.83,61.85,92.85,98.08,100.0,100.0,61.71,49.83,61.85,92.85,98.08,100.0,100.0,92.47,96.45,85.89,32,32,128,10,5,200,30,
cora_runvmr7qv8c_GAE,49.83,72.4,92.85,98.08,100.0,100.0,61.71,49.83,72.4,92.85,98.08,100.0,100.0,92.47,96.45,85.89,32,32,128,10,10,50,30,
cora_runt533q6t9_GAE,49.83,72.4,92.85,98.08,100.0,100.0,61.71,49.83,72.4,92.85,98.08,100.0,100.0,92.47,96.45,85.89,32,32,128,10,10,100,30,
cora_runmlo5k9tv_GAE,49.83,72.4,92.85,97.56,100.0,100.0,56.8,49.83,72.4,92.85,97.56,100.0,100.0,93.99,96.45,85.89,32,32,128,10,10,150,30,
cora_runbio9wgtn_GAE,25.38,59.39,84.92,95.52,100.0,100.0,55.15,25.38,59.39,84.92,95.52,100.0,100.0,90.73,95.81,83.86,16,16,128,10,5,50,30,
cora_run987vuuxp_GAE,25.38,59.39,84.92,95.52,100.0,100.0,55.15,25.38,59.39,84.92,95.52,100.0,100.0,90.73,95.81,83.55,16,16,128,10,5,100,30,
cora_run0bdxjzhb_GAE,25.38,58.17,93.78,99.17,100.0,100.0,50.8,25.38,58.17,93.78,99.17,100.0,100.0,92.91,96.39,83.55,16,16,128,10,5,150,30,
cora_run4i8fm0tt_GAE,25.38,58.17,93.78,99.17,100.0,100.0,50.8,25.38,58.17,93.78,99.17,100.0,100.0,92.91,96.39,83.55,16,16,128,10,5,200,30,
cora_runzm7424q5_GAE,36.51,67.85,84.52,95.79,100.0,100.0,54.88,36.51,67.85,84.52,95.79,100.0,100.0,91.49,96.16,84.42,16,16,128,10,5,50,50,
cora_run45cqxz7g_GAE,36.51,67.85,84.52,95.79,100.0,100.0,54.88,36.51,67.85,84.52,95.79,100.0,100.0,91.49,96.16,84.42,16,16,128,10,5,100,50,
cora_runcxczkzwq_GAE,36.51,67.85,84.52,95.79,100.0,100.0,54.88,36.51,67.85,84.52,95.79,100.0,100.0,91.49,96.16,84.42,16,16,128,10,5,150,50,
cora_runoy0at0ue_GAE,38.55,67.73,89.88,99.82,100.0,100.0,56.27,38.55,67.73,89.88,99.82,100.0,100.0,93.24,96.91,87.0,16,16,128,10,5,200,50,
cora_runtznf1r4e_GAE,38.55,71.83,91.26,99.82,100.0,100.0,56.27,38.55,71.83,91.26,99.82,100.0,100.0,93.24,96.91,87.0,16,16,128,10,10,50,50,
cora_runy2ghnj3x_GAE,38.55,71.83,91.26,99.82,100.0,100.0,56.27,38.55,71.83,91.26,99.82,100.0,100.0,93.24,96.91,87.0,16,16,128,10,10,100,50,
cora_runknnrcxxf_GAE,38.55,71.83,91.26,99.82,100.0,100.0,56.27,38.55,71.83,91.26,99.82,100.0,100.0,93.24,96.91,87.0,16,16,128,10,10,150,50,
cora_runb9542dlb_GAE,38.55,71.83,91.26,99.82,100.0,100.0,56.27,38.55,71.83,91.26,99.82,100.0,100.0,93.24,96.91,87.0,16,16,128,10,10,200,50,
cora_run813d158d_GAE,38.55,71.83,91.26,99.82,100.0,100.0,56.27,38.55,71.83,91.26,99.82,100.0,100.0,93.24,96.91,87.0,16,16,128,10,20,50,50,
cora_runxq302qsp_GAE,38.55,71.83,91.26,99.82,100.0,100.0,56.27,38.55,71.83,91.26,99.82,100.0,100.0,93.24,96.91,87.0,16,16,128,10,20,100,50,
cora_runi5yvvza4_GAE,36.51,67.85,84.52,95.79,100.0,100.0,54.88,36.51,67.85,84.52,95.79,100.0,100.0,91.49,96.16,84.42,16,16,128,10,5,50,50,8.0
cora_runpjfc55in_GAE,36.51,67.85,84.52,95.79,100.0,100.0,54.88,36.51,67.85,84.52,95.79,100.0,100.0,91.49,96.16,84.42,16,16,128,10,5,50,50,16.0
cora_runwugmw4ux_GAE,36.51,67.85,84.52,95.79,100.0,100.0,54.88,36.51,67.85,84.52,95.79,100.0,100.0,91.49,96.16,84.42,16,16,128,10,5,50,50,16.0
cora_run8b0qjy7l_GAE,36.51,67.85,84.52,95.79,100.0,100.0,54.88,36.51,67.85,84.52,95.79,100.0,100.0,91.49,96.16,84.42,16,16,128,10,5,100,50,16.0
cora_run7u2onih6_GAE,36.51,67.85,84.52,95.79,100.0,100.0,54.88,36.51,67.85,84.52,95.79,100.0,100.0,91.49,96.16,84.42,16,16,128,10,5,150,50,16.0
cora_runc4tu3ane_GAE,36.51,67.85,84.52,95.79,100.0,100.0,54.88,36.51,67.85,84.52,95.79,100.0,100.0,91.49,96.16,84.42,16,16,128,10,5,50,50,16.0
cora_runnpzvb9un_GAE,36.51,67.85,84.52,95.79,100.0,100.0,54.88,36.51,67.85,84.52,95.79,100.0,100.0,91.49,96.16,84.42,16,16,128,10,5,50,50,16.0
cora_runf943r2df_GAE,36.51,67.85,84.52,95.79,100.0,100.0,54.88,36.51,67.85,84.52,95.79,100.0,100.0,91.49,96.16,84.42,16,16,128,10,5,50,50,16.0
cora_runqxej3usn_GAE,36.51,67.85,84.52,95.79,100.0,100.0,54.88,36.51,67.85,84.52,95.79,100.0,100.0,91.49,96.16,84.42,16,16,128,10,5,100,50,16.0
cora_runfvtxf21m_GAE,36.51,67.85,84.52,95.79,100.0,100.0,54.88,36.51,67.85,84.52,95.79,100.0,100.0,91.49,96.16,84.42,16,16,128,10,5,150,50,16.0
cora_runu7c7gmea_GAE,38.55,67.73,89.88,99.82,100.0,100.0,56.27,38.55,67.73,89.88,99.82,100.0,100.0,93.24,96.91,87.0,16,16,128,10,5,200,50,16.0
cora_runh01a504e_GAE,38.55,71.72,91.26,99.82,100.0,100.0,56.27,38.55,71.72,91.26,99.82,100.0,100.0,93.24,96.91,87.0,16,16,128,10,10,50,50,16.0
cora_runnjjyohcq_GAE,38.55,71.72,91.26,99.82,100.0,100.0,56.27,38.55,71.72,91.26,99.82,100.0,100.0,93.24,96.91,87.0,16,16,128,10,10,100,50,16.0
cora_runhy8afhqg_GAE,38.55,71.72,91.26,99.82,100.0,100.0,56.27,38.55,71.72,91.26,99.82,100.0,100.0,93.24,96.91,87.0,16,16,128,10,10,150,50,16.0
cora_run23iyq74s_GAE,38.55,71.72,91.26,99.82,100.0,100.0,56.27,38.55,71.72,91.26,99.82,100.0,100.0,93.24,96.91,87.0,16,16,128,10,10,200,50,16.0
cora_run4zu2g2k2_GAE,38.55,71.72,91.26,99.82,100.0,100.0,56.27,38.55,71.72,91.26,99.82,100.0,100.0,93.24,96.91,87.0,16,16,128,10,20,50,50,16.0
cora_runap5wtnyi_GAE,38.55,71.72,91.26,99.82,100.0,100.0,56.27,38.55,71.72,91.26,99.82,100.0,100.0,93.24,96.91,87.0,16,16,128,10,20,100,50,16.0
cora_runoy9aeww3_GAE,38.55,71.72,91.26,99.82,100.0,100.0,56.27,38.55,71.72,91.26,99.82,100.0,100.0,93.24,96.91,87.0,16,16,128,10,20,150,50,16.0
cora_rungmjtoekd_GAE,38.55,67.85,91.26,99.82,100.0,100.0,56.27,38.55,67.85,91.26,99.82,100.0,100.0,92.62,96.91,87.0,16,16,128,10,20,200,50,16.0
cora_runidag5ci4_GAE,38.55,67.85,91.26,99.82,100.0,100.0,56.27,38.55,67.85,91.26,99.82,100.0,100.0,92.62,96.91,87.0,16,16,128,10,30,50,50,16.0
cora_runjsjur211_GAE,38.55,67.85,91.26,99.82,100.0,100.0,56.27,38.55,67.85,91.26,99.82,100.0,100.0,92.62,96.91,87.0,16,16,128,10,30,100,50,16.0
cora_runwn0lumbn_GAE,38.55,67.85,91.26,99.82,100.0,100.0,56.27,38.55,67.85,91.26,99.82,100.0,100.0,92.62,96.91,87.0,16,16,128,10,30,150,50,16.0
cora_runvllxniga_GAE,38.55,67.85,91.26,99.82,100.0,100.0,56.27,38.55,67.85,91.26,99.82,100.0,100.0,92.62,96.91,87.0,16,16,128,10,30,200,50,16.0
cora_runo01qu4tq_GAE,38.55,67.85,91.26,99.82,100.0,100.0,56.27,38.55,67.85,91.26,99.82,100.0,100.0,92.62,96.91,87.0,16,16,128,20,5,50,50,16.0
cora_run9giwdeu8_GAE,38.55,67.85,91.26,99.82,100.0,100.0,56.27,38.55,67.85,91.26,99.82,100.0,100.0,91.49,96.91,87.0,16,16,128,20,5,100,50,16.0
cora_runwixsp4me_GAE,38.55,67.85,91.26,99.82,100.0,100.0,56.27,38.55,67.85,91.26,99.82,100.0,100.0,91.49,96.91,87.0,16,16,128,20,5,150,50,16.0
cora_runj4kjpx4d_GAE,36.23,67.85,91.26,99.82,100.0,100.0,56.27,36.23,67.85,91.26,99.82,100.0,100.0,92.07,96.91,87.0,16,16,128,20,5,200,50,16.0
cora_runs5uucxwr_GAE,36.23,67.85,91.26,99.82,100.0,100.0,56.27,36.23,67.85,91.26,99.82,100.0,100.0,92.07,96.91,87.0,16,16,128,20,10,50,50,16.0
cora_runjjke7c8y_GAE,36.23,67.85,91.26,99.82,100.0,100.0,56.27,36.23,67.85,91.26,99.82,100.0,100.0,92.07,96.91,87.0,16,16,128,20,10,100,50,16.0
cora_runsi6qubzs_GAE,36.23,67.85,91.26,99.82,100.0,100.0,56.27,36.23,67.85,91.26,99.82,100.0,100.0,92.07,96.91,87.0,16,16,128,20,10,150,50,16.0
cora_run1ap02ahx_GAE,36.23,67.85,91.26,99.82,100.0,100.0,56.27,36.23,67.85,91.26,99.82,100.0,100.0,92.07,96.91,87.0,16,16,128,20,10,200,50,16.0
cora_runtct19i74_GAE,36.23,67.85,91.26,99.82,100.0,100.0,56.27,36.23,67.85,91.26,99.82,100.0,100.0,92.24,96.91,87.0,16,16,128,20,20,50,50,16.0
cora_run9g4uca6o_GAE,36.23,67.85,91.26,99.82,100.0,100.0,56.27,36.23,67.85,91.26,99.82,100.0,100.0,92.24,96.91,87.0,16,16,128,20,20,100,50,16.0
cora_run5mmyygl8_GAE,36.23,67.85,91.26,99.82,100.0,100.0,56.27,36.23,67.85,91.26,99.82,100.0,100.0,92.24,96.91,87.0,16,16,128,20,20,150,50,16.0
cora_runq482zjrw_GAE,36.23,67.85,91.26,99.82,100.0,100.0,56.27,36.23,67.85,91.26,99.82,100.0,100.0,92.24,96.91,87.0,16,16,128,20,20,200,50,16.0
cora_runs7k8lq6u_GAE,36.23,67.85,91.26,99.82,100.0,100.0,56.27,36.23,67.85,91.26,99.82,100.0,100.0,92.24,96.91,87.0,16,16,128,20,30,50,50,16.0
cora_runfcsfasrf_GAE,36.23,67.85,91.26,99.82,100.0,100.0,56.27,36.23,67.85,91.26,99.82,100.0,100.0,92.24,96.91,87.0,16,16,128,20,30,100,50,16.0
cora_run1kqrswwp_GAE,36.23,67.85,91.26,99.82,100.0,100.0,56.27,36.23,67.85,91.26,99.82,100.0,100.0,92.24,96.91,87.0,16,16,128,20,30,150,50,16.0
cora_run3wwd3wsv_GAE,36.23,67.85,91.26,99.82,100.0,100.0,56.27,36.23,67.85,91.26,99.82,100.0,100.0,92.24,96.91,87.0,16,16,128,20,30,200,50,16.0
cora_runiccy3xp6_GAE,36.23,67.85,91.26,99.82,100.0,100.0,56.27,36.23,67.85,91.26,99.82,100.0,100.0,92.24,96.91,87.0,16,16,128,30,5,50,50,16.0
cora_runvhiua79c_GAE,36.23,67.85,91.26,99.82,100.0,100.0,56.27,36.23,67.85,91.26,99.82,100.0,100.0,92.24,96.91,87.0,16,16,128,30,5,100,50,16.0
cora_runnvl19d36_GAE,36.23,67.85,91.26,99.82,100.0,100.0,56.27,36.23,67.85,91.26,99.82,100.0,100.0,92.24,96.91,87.0,16,16,128,30,5,150,50,16.0
cora_runkb4hem0f_GAE,36.23,67.85,91.26,99.82,100.0,100.0,56.27,36.23,67.85,91.26,99.82,100.0,100.0,92.24,96.91,87.0,16,16,128,30,5,200,50,16.0
cora_run3xkr35xs_GAE,36.23,67.85,91.26,99.82,100.0,100.0,56.27,36.23,67.85,91.26,99.82,100.0,100.0,92.24,96.91,87.0,16,16,128,30,10,50,50,16.0
cora_runcv0joq62_GAE,36.23,67.85,91.26,99.82,100.0,100.0,56.27,36.23,67.85,91.26,99.82,100.0,100.0,92.24,96.91,87.0,16,16,128,30,10,100,50,16.0
cora_runiqb8nxl5_GAE,36.23,67.85,91.26,99.82,100.0,100.0,56.27,36.23,67.85,91.26,99.82,100.0,100.0,92.24,96.91,87.0,16,16,128,30,10,150,50,16.0
cora_run7ito5vji_GAE,36.23,67.85,91.26,99.82,100.0,100.0,56.27,36.23,67.85,91.26,99.82,100.0,100.0,92.24,96.91,87.0,16,16,128,30,10,200,50,16.0
cora_run76pn1djv_GAE,36.23,67.85,91.26,99.82,100.0,100.0,56.27,36.23,67.85,91.26,99.82,100.0,100.0,92.24,96.91,87.0,16,16,128,30,20,50,50,16.0
cora_run46qmmgjb_GAE,36.23,67.85,91.26,99.82,100.0,100.0,56.27,36.23,67.85,91.26,99.82,100.0,100.0,92.24,96.91,87.0,16,16,128,30,20,100,50,16.0
cora_run38i46mz5_GAE,36.23,67.85,91.26,99.82,100.0,100.0,56.27,36.23,67.85,91.26,99.82,100.0,100.0,92.24,96.91,87.0,16,16,128,30,20,150,50,16.0
cora_runov5slw5p_GAE,36.23,67.85,91.26,99.82,100.0,100.0,56.27,36.23,67.85,91.26,99.82,100.0,100.0,92.24,96.91,87.0,16,16,128,30,20,200,50,16.0
cora_run0qbnqady_GAE,36.23,67.85,91.26,99.82,100.0,100.0,56.27,36.23,67.85,91.26,99.82,100.0,100.0,92.24,96.91,87.0,16,16,128,30,30,50,50,16.0
cora_runtstla0rb_GAE,36.23,67.85,91.26,99.82,100.0,100.0,56.27,36.23,67.85,91.26,99.82,100.0,100.0,92.24,96.91,87.0,16,16,128,30,30,100,50,16.0
cora_runv3267p6g_GAE,36.23,67.85,91.26,99.82,100.0,100.0,56.27,36.23,67.85,91.26,99.82,100.0,100.0,92.24,96.91,87.0,16,16,128,30,30,150,50,16.0
cora_runvfjgld5t_GAE,36.23,67.85,91.26,99.82,100.0,100.0,56.27,36.23,67.85,91.26,99.82,100.0,100.0,92.24,96.91,87.0,16,16,128,30,30,200,50,16.0
cora_runehbafjb2_GAE,36.23,67.85,91.26,99.82,100.0,100.0,56.27,36.23,67.85,91.26,99.82,100.0,100.0,92.24,96.91,87.0,16,16,128,40,5,50,50,16.0
cora_runhhsn28b2_GAE,36.23,67.85,91.26,99.82,100.0,100.0,56.27,36.23,67.85,91.26,99.82,100.0,100.0,92.93,96.91,87.0,16,16,128,40,5,100,50,16.0
cora_runsocbe6z8_GAE,36.23,67.85,91.26,99.82,100.0,100.0,56.27,36.23,67.85,91.26,99.82,100.0,100.0,92.93,96.91,87.0,16,16,128,40,5,150,50,16.0
cora_runlx9kgu52_GAE,36.23,67.85,91.26,99.82,100.0,100.0,56.27,36.23,67.85,91.26,99.82,100.0,100.0,92.93,96.91,87.0,16,16,128,40,5,200,50,16.0
cora_runt6iv0ni2_GAE,36.23,67.85,91.26,99.82,100.0,100.0,56.27,36.23,67.85,91.26,99.82,100.0,100.0,92.93,96.91,87.0,16,16,128,40,10,50,50,16.0
cora_runfafbp7bw_GAE,36.23,67.85,91.26,99.82,100.0,100.0,56.27,36.23,67.85,91.26,99.82,100.0,100.0,92.93,96.91,87.0,16,16,128,40,10,100,50,16.0
cora_runnq7jgvd0_GAE,36.23,67.85,91.26,99.82,100.0,100.0,56.27,36.23,67.85,91.26,99.82,100.0,100.0,92.93,96.91,87.0,16,16,128,40,10,150,50,16.0
cora_runcno7jytk_GAE,36.23,67.85,91.26,99.82,100.0,100.0,56.27,36.23,67.85,91.26,99.82,100.0,100.0,92.93,96.91,87.0,16,16,128,40,10,200,50,16.0
cora_run52qfwaeh_GAE,36.23,67.85,91.26,99.82,100.0,100.0,56.27,36.23,67.85,91.26,99.82,100.0,100.0,92.93,96.91,87.0,16,16,128,40,20,50,50,16.0
cora_runkzmt7i0r_GAE,36.23,67.85,91.26,99.82,100.0,100.0,56.27,36.23,67.85,91.26,99.82,100.0,100.0,92.93,96.91,87.0,16,16,128,40,20,100,50,16.0
cora_runescl4678_GAE,36.23,67.85,91.26,99.82,100.0,100.0,56.27,36.23,67.85,91.26,99.82,100.0,100.0,92.93,96.91,87.0,16,16,128,40,20,150,50,16.0
cora_run5ilsxxaj_GAE,36.23,67.85,91.26,99.82,100.0,100.0,56.27,36.23,67.85,91.26,99.82,100.0,100.0,92.93,96.91,87.0,16,16,128,40,20,200,50,16.0
cora_runvd3pdb33_GAE,36.23,67.85,91.26,99.82,100.0,100.0,56.27,36.23,67.85,91.26,99.82,100.0,100.0,92.93,96.91,87.0,16,16,128,40,30,50,50,16.0
cora_runggtus8xt_GAE,36.23,67.85,91.26,99.82,100.0,100.0,56.27,36.23,67.85,91.26,99.82,100.0,100.0,92.93,96.91,87.0,16,16,128,40,30,100,50,16.0
cora_runovngx6zw_GAE,36.23,67.85,91.26,99.82,100.0,100.0,56.27,36.23,67.85,91.26,99.82,100.0,100.0,92.93,96.91,87.0,16,16,128,40,30,150,50,16.0
cora_runs9e0aahx_GAE,36.23,67.85,91.26,99.82,100.0,100.0,56.27,36.23,67.85,91.26,99.82,100.0,100.0,92.93,96.91,87.0,16,16,128,40,30,200,50,16.0
cora_runs1bcpawn_GAE,36.23,67.85,91.26,99.82,100.0,100.0,56.27,36.23,67.85,91.26,99.82,100.0,100.0,92.93,96.91,87.0,16,16,128,50,5,50,50,16.0
cora_run53zsvwr3_GAE,36.23,67.85,91.26,99.82,100.0,100.0,56.27,36.23,67.85,91.26,99.82,100.0,100.0,92.93,96.91,87.0,16,16,128,50,5,100,50,16.0
cora_runaq1xih02_GAE,36.23,67.85,91.26,99.82,100.0,100.0,56.27,36.23,67.85,91.26,99.82,100.0,100.0,92.93,96.91,87.0,16,16,128,50,5,150,50,16.0
cora_runtik36sby_GAE,36.23,67.85,91.26,99.82,100.0,100.0,56.27,36.23,67.85,91.26,99.82,100.0,100.0,92.93,96.91,87.0,16,16,128,50,5,200,50,16.0
cora_runnm52ijh5_GAE,36.23,67.85,91.26,99.82,100.0,100.0,56.27,36.23,67.85,91.26,99.82,100.0,100.0,92.93,96.91,87.0,16,16,128,50,10,50,50,16.0
cora_runnh28q5ks_GAE,36.23,67.85,91.26,99.82,100.0,100.0,56.27,36.23,67.85,91.26,99.82,100.0,100.0,92.93,96.91,87.0,16,16,128,50,10,100,50,16.0
cora_runbe8nuuou_GAE,36.23,67.85,91.26,99.82,100.0,100.0,56.27,36.23,67.85,91.26,99.82,100.0,100.0,92.93,96.91,87.0,16,16,128,50,10,150,50,16.0
cora_run07vs5ych_GAE,36.23,67.85,91.26,99.82,100.0,100.0,56.27,36.23,67.85,91.26,99.82,100.0,100.0,92.93,96.91,87.0,16,16,128,50,10,200,50,16.0
cora_runoig04g1e_GAE,36.23,67.85,91.26,99.82,100.0,100.0,56.27,36.23,67.85,91.26,99.82,100.0,100.0,92.93,96.91,87.0,16,16,128,50,20,50,50,16.0
cora_run03a0jve7_GAE,36.23,67.85,91.26,99.82,100.0,100.0,56.27,36.23,67.85,91.26,99.82,100.0,100.0,92.93,96.91,87.0,16,16,128,50,20,100,50,16.0
cora_run0sicgai5_GAE,36.23,67.85,91.26,99.82,100.0,100.0,56.27,36.23,67.85,91.26,99.82,100.0,100.0,92.93,96.91,87.0,16,16,128,50,20,150,50,16.0
cora_run2z67qz3v_GAE,36.23,67.85,91.26,99.82,100.0,100.0,56.27,36.23,67.85,91.26,99.82,100.0,100.0,92.93,96.91,87.0,16,16,128,50,20,200,50,16.0
cora_run40yqqr2j_GAE,36.23,67.85,91.26,99.82,100.0,100.0,56.27,36.23,67.85,91.26,99.82,100.0,100.0,92.93,96.91,87.0,16,16,128,50,30,50,50,16.0
cora_run00be37yj_GAE,36.23,67.85,91.26,99.82,100.0,100.0,56.27,36.23,67.85,91.26,99.82,100.0,100.0,92.93,96.91,87.0,16,16,128,50,30,100,50,16.0
cora_runc7jwfq44_GAE,36.23,67.85,91.26,99.82,100.0,100.0,56.27,36.23,67.85,91.26,99.82,100.0,100.0,92.93,96.91,87.0,16,16,128,50,30,150,50,16.0
cora_runst5nn0rz_GAE,36.23,67.85,91.26,99.82,100.0,100.0,56.27,36.23,67.85,91.26,99.82,100.0,100.0,92.93,96.91,87.0,16,16,128,50,30,200,50,16.0
cora_runwpt787ec_GAE,36.23,67.85,91.26,99.82,100.0,100.0,56.27,36.23,67.85,91.26,99.82,100.0,100.0,92.93,96.91,87.0,16,16,128,60,5,50,50,16.0
cora_run8ynyibi6_GAE,36.23,67.85,91.26,99.82,100.0,100.0,56.27,36.23,67.85,91.26,99.82,100.0,100.0,92.93,96.91,87.0,16,16,128,60,5,100,50,16.0
cora_runmafuy0c3_GAE,36.23,67.85,91.26,99.82,100.0,100.0,56.27,36.23,67.85,91.26,99.82,100.0,100.0,92.93,96.91,87.0,16,16,128,60,5,150,50,16.0
cora_runl5nuyyru_GAE,36.23,67.85,91.26,99.82,100.0,100.0,56.27,36.23,67.85,91.26,99.82,100.0,100.0,92.93,96.91,87.0,16,16,128,60,5,200,50,16.0
cora_run8ra3n42x_GAE,36.23,67.85,91.26,99.82,100.0,100.0,56.27,36.23,67.85,91.26,99.82,100.0,100.0,92.93,96.91,87.0,16,16,128,60,10,50,50,16.0
cora_run5gc7ce07_GAE,36.23,67.85,91.26,99.82,100.0,100.0,56.27,36.23,67.85,91.26,99.82,100.0,100.0,92.93,96.91,87.0,16,16,128,60,10,100,50,16.0
cora_run3twd87x3_GAE,36.23,67.85,91.26,99.82,100.0,100.0,56.27,36.23,67.85,91.26,99.82,100.0,100.0,92.93,96.91,87.0,16,16,128,60,10,150,50,16.0
cora_run05et9bnw_GAE,36.23,67.85,91.26,99.82,100.0,100.0,56.27,36.23,67.85,91.26,99.82,100.0,100.0,92.93,96.91,87.0,16,16,128,60,10,200,50,16.0
cora_run20ua5pb7_GAE,36.23,67.85,91.26,99.82,100.0,100.0,56.27,36.23,67.85,91.26,99.82,100.0,100.0,92.93,96.91,87.0,16,16,128,60,20,50,50,16.0
cora_run259iiy9u_GAE,36.23,67.85,91.26,99.82,100.0,100.0,56.27,36.23,67.85,91.26,99.82,100.0,100.0,92.93,96.91,87.0,16,16,128,60,20,100,50,16.0
cora_run5f2nnh0v_GAE,36.23,67.85,91.26,99.82,100.0,100.0,56.27,36.23,67.85,91.26,99.82,100.0,100.0,92.93,96.91,87.0,16,16,128,60,20,150,50,16.0
cora_runrxkc97uc_GAE,36.23,67.85,91.26,99.82,100.0,100.0,56.27,36.23,67.85,91.26,99.82,100.0,100.0,92.93,96.91,87.0,16,16,128,60,20,200,50,16.0
cora_run86nnvuja_GAE,36.23,67.85,91.26,99.82,100.0,100.0,56.27,36.23,67.85,91.26,99.82,100.0,100.0,92.93,96.91,87.0,16,16,128,60,30,50,50,16.0
cora_run8udtbt7g_GAE,36.23,67.85,91.26,99.82,100.0,100.0,56.27,36.23,67.85,91.26,99.82,100.0,100.0,92.93,96.91,87.0,16,16,128,60,30,100,50,16.0
cora_run4h90nsqs_GAE,36.23,67.85,91.26,99.82,100.0,100.0,56.27,36.23,67.85,91.26,99.82,100.0,100.0,92.93,96.91,87.0,16,16,128,60,30,150,50,16.0
cora_runodhu17rf_GAE,36.23,67.85,91.26,99.82,100.0,100.0,56.27,36.23,67.85,91.26,99.82,100.0,100.0,92.93,96.91,87.0,16,16,128,60,30,200,50,16.0
cora_runtn8v3mrt_GAE,36.23,67.85,91.26,99.82,100.0,100.0,56.27,36.23,67.85,91.26,99.82,100.0,100.0,92.93,96.91,87.0,16,16,128,70,5,50,50,16.0
cora_runh3bjs3gp_GAE,36.23,67.85,91.26,99.82,100.0,100.0,56.27,36.23,67.85,91.26,99.82,100.0,100.0,92.93,96.91,87.0,16,16,128,70,5,100,50,16.0
cora_run8nrz6nql_GAE,36.23,67.85,91.26,99.82,100.0,100.0,56.27,36.23,67.85,91.26,99.82,100.0,100.0,92.93,96.91,87.0,16,16,128,70,5,150,50,16.0
cora_runpw0xdwbu_GAE,36.23,67.85,91.26,99.82,100.0,100.0,56.27,36.23,67.85,91.26,99.82,100.0,100.0,92.93,96.91,87.0,16,16,128,70,5,200,50,16.0
cora_runcw3puk34_GAE,36.23,67.85,91.26,99.82,100.0,100.0,56.27,36.23,67.85,91.26,99.82,100.0,100.0,92.93,96.91,87.0,16,16,128,70,10,50,50,16.0
cora_runvwc33kvn_GAE,36.23,67.85,91.26,99.82,100.0,100.0,56.27,36.23,67.85,91.26,99.82,100.0,100.0,92.93,96.91,87.0,16,16,128,70,10,100,50,16.0
cora_run9e8ily9w_GAE,36.23,67.85,91.26,99.82,100.0,100.0,56.27,36.23,67.85,91.26,99.82,100.0,100.0,92.93,96.91,87.0,16,16,128,70,10,150,50,16.0
cora_runexpiomcg_GAE,36.23,67.85,91.26,99.82,100.0,100.0,56.27,36.23,67.85,91.26,99.82,100.0,100.0,92.93,96.91,87.0,16,16,128,70,10,200,50,16.0
cora_runne72ypsq_GAE,36.23,67.85,91.26,99.82,100.0,100.0,56.27,36.23,67.85,91.26,99.82,100.0,100.0,92.93,96.91,87.0,16,16,128,70,20,50,50,16.0
cora_runse5krj9c_GAE,36.23,67.85,91.26,99.82,100.0,100.0,56.27,36.23,67.85,91.26,99.82,100.0,100.0,92.93,96.91,87.0,16,16,128,70,20,100,50,16.0
cora_runl25r3mqa_GAE,36.23,67.85,91.26,99.82,100.0,100.0,56.27,36.23,67.85,91.26,99.82,100.0,100.0,92.93,96.91,87.0,16,16,128,70,20,150,50,16.0
cora_runjyf7j99k_GAE,36.23,67.85,91.26,99.82,100.0,100.0,56.27,36.23,67.85,91.26,99.82,100.0,100.0,92.93,96.91,87.0,16,16,128,70,20,200,50,16.0
cora_runr2a4546s_GAE,36.23,67.85,91.26,99.82,100.0,100.0,56.27,36.23,67.85,91.26,99.82,100.0,100.0,92.93,96.91,87.0,16,16,128,70,30,50,50,16.0
cora_runzecrjnmf_GAE,36.23,67.85,91.26,99.82,100.0,100.0,56.27,36.23,67.85,91.26,99.82,100.0,100.0,92.93,96.91,87.0,16,16,128,70,30,100,50,16.0
cora_rununnawtat_GAE,36.23,67.85,91.26,99.82,100.0,100.0,56.27,36.23,67.85,91.26,99.82,100.0,100.0,92.93,96.91,87.0,16,16,128,70,30,150,50,16.0
cora_runi7pm17gf_GAE,36.23,67.85,91.26,99.82,100.0,100.0,56.27,36.23,67.85,91.26,99.82,100.0,100.0,92.93,96.91,87.0,16,16,128,70,30,200,50,16.0
cora_runcpy7jbc8_GAE,36.23,67.85,91.26,99.82,100.0,100.0,56.27,36.23,67.85,91.26,99.82,100.0,100.0,92.93,96.91,87.0,16,16,256,10,5,50,50,16.0
cora_runifuwvh1n_GAE,36.23,67.85,91.26,99.82,100.0,100.0,56.27,36.23,67.85,91.26,99.82,100.0,100.0,92.93,96.91,87.0,16,16,256,10,5,100,50,16.0
cora_run9691kdsk_GAE,36.23,67.85,91.26,99.82,100.0,100.0,56.27,36.23,67.85,91.26,99.82,100.0,100.0,92.93,96.91,87.0,16,16,256,10,5,150,50,16.0
cora_runbni96wjw_GAE,36.23,67.85,91.26,99.82,100.0,100.0,56.27,36.23,67.85,91.26,99.82,100.0,100.0,92.93,96.91,87.0,16,16,256,10,5,200,50,16.0
cora_runwdelguly_GAE,36.23,67.85,91.26,99.82,100.0,100.0,56.27,36.23,67.85,91.26,99.82,100.0,100.0,92.93,96.91,87.0,16,16,256,10,10,50,50,16.0
cora_runxwzg439y_GAE,36.23,67.85,91.26,99.82,100.0,100.0,56.27,36.23,67.85,91.26,99.82,100.0,100.0,92.93,96.91,87.0,16,16,256,10,10,100,50,16.0
cora_runcrws6g1z_GAE,36.23,67.85,91.26,99.82,100.0,100.0,56.27,36.23,67.85,91.26,99.82,100.0,100.0,92.93,96.91,87.0,16,16,256,10,10,150,50,16.0
cora_runj057ru4f_GAE,36.23,67.85,91.26,99.82,100.0,100.0,56.27,36.23,67.85,91.26,99.82,100.0,100.0,92.93,96.91,87.0,16,16,256,10,10,200,50,16.0
cora_run2b2mofeh_GAE,36.23,67.85,91.26,99.82,100.0,100.0,56.27,36.23,67.85,91.26,99.82,100.0,100.0,92.93,96.91,87.0,16,16,256,10,20,50,50,16.0
cora_run0ezfrjl0_GAE,36.23,67.85,91.26,99.82,100.0,100.0,56.27,36.23,67.85,91.26,99.82,100.0,100.0,92.93,96.91,87.0,16,16,256,10,20,100,50,16.0
cora_run2vfjl7m5_GAE,36.23,67.85,91.26,99.82,100.0,100.0,56.27,36.23,67.85,91.26,99.82,100.0,100.0,92.93,96.91,87.0,16,16,256,10,20,150,50,16.0
cora_rundrqafk6j_GAE,36.23,67.85,91.26,99.82,100.0,100.0,56.27,36.23,67.85,91.26,99.82,100.0,100.0,92.93,96.91,87.0,16,16,256,10,20,200,50,16.0
cora_runnrd6ui2l_GAE,29.55,47.39,73.34,86.99,98.24,100.0,43.01,29.55,47.39,73.34,86.99,98.24,100.0,90.96,94.96,82.42,16,16,128,20,30,100,50,16.0
cora_runsvzho34n_GAE,29.55,47.39,73.34,86.99,98.24,100.0,43.01,29.55,47.39,73.34,86.99,98.24,100.0,90.96,94.96,82.42,16,16,256,20,30,100,50,16.0
cora_run7f8932ke_GAE,29.55,47.39,73.34,86.99,98.24,100.0,43.01,29.55,47.39,73.34,86.99,98.24,100.0,90.96,94.96,82.42,16,16,1024,20,30,100,50,16.0
cora_runpywgzl12_GAE,29.55,47.39,75.13,88.27,98.31,100.0,43.01,29.55,47.39,75.13,88.27,98.31,100.0,92.16,95.64,82.0,16,16,128,20,30,100,50,32.0
cora_runxpql2ydi_GAE,29.55,47.39,75.13,88.27,98.31,100.0,43.01,29.55,47.39,75.13,88.27,98.31,100.0,92.16,95.64,82.0,16,16,256,20,30,100,50,32.0
cora_runoxdicsgm_GAE,29.55,47.39,75.13,88.27,98.31,100.0,43.01,29.55,47.39,75.13,88.27,98.31,100.0,92.16,95.64,82.0,16,16,1024,20,30,100,50,32.0
cora_runiyg26zfz_GAE,29.55,47.39,75.13,88.27,98.31,100.0,43.01,29.55,47.39,75.13,88.27,98.31,100.0,92.16,95.64,82.0,16,16,128,20,30,100,50,64.0
cora_runll6tl0yy_GAE,29.55,47.39,75.13,88.27,98.31,100.0,43.01,29.55,47.39,75.13,88.27,98.31,100.0,92.16,95.64,82.0,16,16,256,20,30,100,50,64.0
cora_runehomuswr_GAE,29.55,47.39,75.13,88.27,98.31,100.0,43.01,29.55,47.39,75.13,88.27,98.31,100.0,92.16,95.64,82.0,16,16,1024,20,30,100,50,64.0
cora_runa4hrm1qm_GAE,29.55,47.39,75.13,88.27,98.31,100.0,43.01,29.55,47.39,75.13,88.27,98.31,100.0,92.16,95.64,82.0,16,16,128,20,30,100,50,128.0
cora_runqxda31vx_GAE,29.55,47.39,75.13,88.27,98.31,100.0,43.01,29.55,47.39,75.13,88.27,98.31,100.0,92.16,95.64,82.0,16,16,256,20,30,100,50,128.0
cora_runw23ac7jt_GAE,29.55,47.39,75.13,88.27,98.31,100.0,43.01,29.55,47.39,75.13,88.27,98.31,100.0,92.16,95.64,82.0,16,16,1024,20,30,100,50,128.0
cora_run98b5eh8w_GAE,29.55,47.39,75.13,88.27,98.31,100.0,43.01,29.55,47.39,75.13,88.27,98.31,100.0,92.16,95.64,82.0,16,16,128,20,30,100,50,256.0
cora_run6zrp3e7a_GAE,29.55,47.39,75.13,88.27,98.31,100.0,43.01,29.55,47.39,75.13,88.27,98.31,100.0,92.16,95.64,82.0,16,16,256,20,30,100,50,256.0
cora_runctyb8hit_GAE,29.55,47.39,75.13,88.27,98.31,100.0,43.01,29.55,47.39,75.13,88.27,98.31,100.0,92.16,95.64,82.0,16,16,1024,20,30,100,50,256.0
cora_runee77ztra_GAE,29.55,47.39,75.13,88.27,98.31,100.0,43.01,29.55,47.39,75.13,88.27,98.31,100.0,92.16,95.64,82.0,16,16,128,20,30,100,50,1024.0
cora_runj9ij7fzk_GAE,29.55,47.39,75.13,88.27,98.31,100.0,43.01,29.55,47.39,75.13,88.27,98.31,100.0,92.16,95.64,82.0,16,16,256,20,30,100,50,1024.0
cora_runqgrepudv_GAE,29.55,47.39,75.13,88.27,98.31,100.0,43.01,29.55,47.39,75.13,88.27,98.31,100.0,92.16,95.64,82.0,16,16,1024,20,30,100,50,1024.0
cora_runzguxxzyz_GAE,29.55,47.39,75.13,88.27,98.31,100.0,43.01,29.55,47.39,75.13,88.27,98.31,100.0,92.16,95.64,83.12,16,16,128,20,30,100,50,2048.0
cora_run0akw03s6_GAE,29.55,47.39,75.13,88.27,98.31,100.0,43.01,29.55,47.39,75.13,88.27,98.31,100.0,92.16,95.64,83.12,16,16,256,20,30,100,50,2048.0
cora_runr1a2taof_GAE,29.55,47.39,75.13,88.27,98.31,100.0,43.01,29.55,47.39,75.13,88.27,98.31,100.0,92.16,95.64,83.12,16,16,1024,20,30,100,50,2048.0
cora_runt5dh0pqx_GAE,29.55,47.39,75.13,88.27,98.31,100.0,43.01,29.55,47.39,75.13,88.27,98.31,100.0,92.16,95.64,83.12,16,32,128,20,30,100,50,16.0
cora_rundgjx7cfq_GAE,29.55,47.39,75.13,88.27,98.31,100.0,43.01,29.55,47.39,75.13,88.27,98.31,100.0,92.16,95.64,83.12,16,32,256,20,30,100,50,16.0
cora_runfebuvv99_GAE,29.55,47.39,75.13,88.27,98.31,100.0,43.01,29.55,47.39,75.13,88.27,98.31,100.0,92.16,95.64,83.12,16,32,1024,20,30,100,50,16.0
cora_runx362c7k0_GAE,29.55,47.39,75.13,88.27,98.31,100.0,43.01,29.55,47.39,75.13,88.27,98.31,100.0,92.16,95.64,83.12,16,32,128,20,30,100,50,32.0
cora_runvpmsuefr_GAE,29.55,47.39,75.13,88.27,98.31,100.0,43.01,29.55,47.39,75.13,88.27,98.31,100.0,92.16,95.64,83.12,16,32,256,20,30,100,50,32.0
cora_runzqjejhzb_GAE,29.55,47.39,75.13,88.27,98.31,100.0,43.01,29.55,47.39,75.13,88.27,98.31,100.0,92.16,95.64,83.12,16,32,1024,20,30,100,50,32.0
cora_run166b8zj1_GAE,29.55,47.39,75.13,88.27,98.31,100.0,43.01,29.55,47.39,75.13,88.27,98.31,100.0,92.16,95.64,83.12,16,32,128,20,30,100,50,64.0
cora_run9rddjsg2_GAE,29.55,47.39,75.13,88.27,98.31,100.0,43.01,29.55,47.39,75.13,88.27,98.31,100.0,92.16,95.64,83.12,16,32,256,20,30,100,50,64.0
cora_run8txrmuuh_GAE,29.55,47.39,75.13,88.27,98.31,100.0,43.01,29.55,47.39,75.13,88.27,98.31,100.0,92.16,95.64,83.12,16,32,1024,20,30,100,50,64.0
cora_run0a4n9zlz_GAE,29.55,47.39,75.13,88.27,98.31,100.0,43.01,29.55,47.39,75.13,88.27,98.31,100.0,92.16,95.64,83.12,16,32,128,20,30,100,50,128.0
cora_runble2p4s2_GAE,29.55,47.39,75.13,88.27,98.31,100.0,43.01,29.55,47.39,75.13,88.27,98.31,100.0,92.16,95.64,83.12,16,32,256,20,30,100,50,128.0
cora_runk3fyt5nl_GAE,29.55,47.39,75.13,88.27,98.31,100.0,43.01,29.55,47.39,75.13,88.27,98.31,100.0,92.16,95.64,83.12,16,32,1024,20,30,100,50,128.0
cora_rund9c3exxo_GAE,29.55,47.39,75.13,88.27,98.31,100.0,43.01,29.55,47.39,75.13,88.27,98.31,100.0,92.16,95.64,83.12,16,32,128,20,30,100,50,256.0
cora_runi6fp7814_GAE,29.55,47.39,75.13,88.27,98.31,100.0,43.01,29.55,47.39,75.13,88.27,98.31,100.0,92.16,95.64,83.12,16,32,256,20,30,100,50,256.0
cora_rund5xyoux3_GAE,29.55,47.39,75.13,88.27,98.31,100.0,43.01,29.55,47.39,75.13,88.27,98.31,100.0,92.16,95.64,83.12,16,32,1024,20,30,100,50,256.0
cora_runys26m3m4_GAE,29.55,47.39,75.13,88.27,98.31,100.0,43.01,29.55,47.39,75.13,88.27,98.31,100.0,92.16,95.64,83.12,16,32,128,20,30,100,50,1024.0
cora_runz5jxwkpj_GAE,29.55,47.39,75.13,88.27,98.31,100.0,43.01,29.55,47.39,75.13,88.27,98.31,100.0,92.16,95.64,83.12,16,32,256,20,30,100,50,1024.0
cora_runo6jx0o4t_GAE,29.55,47.39,75.13,88.27,98.31,100.0,43.01,29.55,47.39,75.13,88.27,98.31,100.0,92.16,95.64,83.12,16,32,1024,20,30,100,50,1024.0
cora_runodg6ofs7_GAE,29.55,47.39,78.75,88.27,98.31,100.0,43.01,29.55,47.39,78.75,88.27,98.31,100.0,92.16,95.64,83.12,16,32,128,20,30,100,50,2048.0
cora_run3m4sbr6d_GAE,29.55,47.39,78.75,88.27,98.31,100.0,43.01,29.55,47.39,78.75,88.27,98.31,100.0,92.16,95.64,83.12,16,32,256,20,30,100,50,2048.0
cora_runsumgvg34_GAE,29.55,47.39,78.75,88.27,98.31,100.0,43.01,29.55,47.39,78.75,88.27,98.31,100.0,92.16,95.64,83.12,16,32,1024,20,30,100,50,2048.0
cora_runlr6rhe2y_GAE,29.55,58.69,82.1,92.28,98.31,100.0,51.34,29.55,58.69,82.1,92.28,98.31,100.0,93.92,96.62,83.12,16,64,128,20,30,100,50,16.0
cora_run6gohxoat_GAE,29.55,58.69,82.1,92.28,98.31,100.0,51.34,29.55,58.69,82.1,92.28,98.31,100.0,93.92,96.62,83.12,16,64,256,20,30,100,50,16.0
cora_run6utpv6gm_GAE,29.55,58.69,82.1,92.28,98.31,100.0,51.34,29.55,58.69,82.1,92.28,98.31,100.0,93.92,96.62,83.12,16,64,1024,20,30,100,50,16.0
cora_rungu09eg8s_GAE,29.55,47.39,73.34,86.99,98.24,100.0,43.01,29.55,47.39,73.34,86.99,98.24,100.0,90.96,94.96,82.42,16,16,128,20,30,100,50,16.0
cora_runtasssztj_GAE,29.55,47.39,73.34,86.99,98.24,100.0,43.01,29.55,47.39,73.34,86.99,98.24,100.0,90.96,94.96,82.42,16,16,256,20,30,100,50,16.0
cora_runzffbs29d_GAE,29.55,47.39,73.34,86.99,98.24,100.0,43.01,29.55,47.39,73.34,86.99,98.24,100.0,90.96,94.96,82.42,16,16,1024,20,30,100,50,16.0
cora_rungxmp487l_GAE,29.55,47.39,75.08,88.29,98.29,100.0,43.01,29.55,47.39,75.08,88.29,98.29,100.0,92.17,95.64,82.16,16,16,128,20,30,100,50,32.0
cora_run4rijyxy6_GAE,29.55,47.39,75.08,88.29,98.29,100.0,43.01,29.55,47.39,75.08,88.29,98.29,100.0,92.17,95.64,82.16,16,16,256,20,30,100,50,32.0
cora_runvpaql954_GAE,29.55,47.39,75.08,88.29,98.29,100.0,43.01,29.55,47.39,75.08,88.29,98.29,100.0,92.17,95.64,82.16,16,16,1024,20,30,100,50,32.0
cora_runnmcv5xi9_GAE,29.55,47.39,75.08,88.29,98.29,100.0,43.01,29.55,47.39,75.08,88.29,98.29,100.0,92.17,95.64,82.16,16,16,128,20,30,100,50,64.0
cora_runyx01gu79_GAE,29.55,47.39,75.08,88.29,98.29,100.0,43.01,29.55,47.39,75.08,88.29,98.29,100.0,92.17,95.64,82.16,16,16,256,20,30,100,50,64.0
cora_runffmrzops_GAE,29.55,47.39,75.08,88.29,98.29,100.0,43.01,29.55,47.39,75.08,88.29,98.29,100.0,92.17,95.64,82.16,16,16,1024,20,30,100,50,64.0
cora_runev9rl71j_GAE,29.55,47.39,75.08,88.29,98.29,100.0,43.01,29.55,47.39,75.08,88.29,98.29,100.0,92.17,95.64,82.16,16,16,128,20,30,100,50,128.0
cora_runf9h5j1vs_GAE,29.55,47.39,75.08,88.29,98.29,100.0,43.01,29.55,47.39,75.08,88.29,98.29,100.0,92.17,95.64,82.16,16,16,256,20,30,100,50,128.0
cora_runp58yxpm6_GAE,29.55,47.39,75.08,88.29,98.29,100.0,43.01,29.55,47.39,75.08,88.29,98.29,100.0,92.17,95.64,82.16,16,16,1024,20,30,100,50,128.0
cora_runlw1s07uw_GAE,29.55,47.39,75.08,88.29,98.29,100.0,43.01,29.55,47.39,75.08,88.29,98.29,100.0,92.17,95.64,82.16,16,16,128,20,30,100,50,256.0
cora_runli999spp_GAE,29.55,47.39,75.08,88.29,98.29,100.0,43.01,29.55,47.39,75.08,88.29,98.29,100.0,92.17,95.64,82.16,16,16,256,20,30,100,50,256.0
cora_run13gebcos_GAE,29.55,47.39,75.08,88.29,98.29,100.0,43.01,29.55,47.39,75.08,88.29,98.29,100.0,92.17,95.64,82.16,16,16,1024,20,30,100,50,256.0
cora_runphi7m7u4_GAE,29.55,47.39,75.08,88.29,98.29,100.0,43.01,29.55,47.39,75.08,88.29,98.29,100.0,92.17,95.64,82.16,16,16,128,20,30,100,50,1024.0
cora_run3w3mm1ro_GAE,29.55,47.39,75.08,88.29,98.29,100.0,43.01,29.55,47.39,75.08,88.29,98.29,100.0,92.17,95.64,82.16,16,16,256,20,30,100,50,1024.0
cora_runixwe7vjl_GAE,29.55,47.39,75.08,88.29,98.29,100.0,43.01,29.55,47.39,75.08,88.29,98.29,100.0,92.17,95.64,82.16,16,16,1024,20,30,100,50,1024.0
cora_run7agmeycj_GAE,29.55,47.39,75.08,88.29,98.29,100.0,43.01,29.55,47.39,75.08,88.29,98.29,100.0,92.17,95.64,83.12,16,16,128,20,30,100,50,2048.0
cora_run3fcqa75x_GAE,29.55,47.39,75.08,88.29,98.29,100.0,43.01,29.55,47.39,75.08,88.29,98.29,100.0,92.17,95.64,83.12,16,16,256,20,30,100,50,2048.0
cora_rungpcbuq2f_GAE,29.55,47.39,75.08,88.29,98.29,100.0,43.01,29.55,47.39,75.08,88.29,98.29,100.0,92.17,95.64,83.12,16,16,1024,20,30,100,50,2048.0
cora_runpeym97si_GAE,29.55,47.39,75.08,88.29,98.29,100.0,43.01,29.55,47.39,75.08,88.29,98.29,100.0,92.17,95.64,83.12,16,32,128,20,30,100,50,16.0
cora_run6jgv4wut_GAE,29.55,47.39,75.08,88.29,98.29,100.0,43.01,29.55,47.39,75.08,88.29,98.29,100.0,92.17,95.64,83.12,16,32,256,20,30,100,50,16.0
cora_runydqi7xjj_GAE,29.55,47.39,75.08,88.29,98.29,100.0,43.01,29.55,47.39,75.08,88.29,98.29,100.0,92.17,95.64,83.12,16,32,1024,20,30,100,50,16.0
cora_runjwpa5ttq_GAE,29.55,47.39,75.08,88.29,98.29,100.0,43.01,29.55,47.39,75.08,88.29,98.29,100.0,92.17,95.64,83.12,16,32,128,20,30,100,50,32.0
cora_runehpn11z5_GAE,29.55,47.39,75.08,88.29,98.29,100.0,43.01,29.55,47.39,75.08,88.29,98.29,100.0,92.17,95.64,83.12,16,32,256,20,30,100,50,32.0
cora_runqp2y879q_GAE,29.55,47.39,75.08,88.29,98.29,100.0,43.01,29.55,47.39,75.08,88.29,98.29,100.0,92.17,95.64,83.12,16,32,1024,20,30,100,50,32.0
cora_runubgysv8z_GAE,29.55,47.39,75.08,88.29,98.29,100.0,43.01,29.55,47.39,75.08,88.29,98.29,100.0,92.17,95.64,83.12,16,32,128,20,30,100,50,64.0
cora_runwb9pq486_GAE,29.55,47.39,75.08,88.29,98.29,100.0,43.01,29.55,47.39,75.08,88.29,98.29,100.0,92.17,95.64,83.12,16,32,256,20,30,100,50,64.0
cora_runigkt9qc7_GAE,29.55,47.39,75.08,88.29,98.29,100.0,43.01,29.55,47.39,75.08,88.29,98.29,100.0,92.17,95.64,83.12,16,32,1024,20,30,100,50,64.0
cora_runlck2spfg_GAE,29.55,47.39,75.08,88.29,98.29,100.0,43.01,29.55,47.39,75.08,88.29,98.29,100.0,92.17,95.64,83.12,16,32,128,20,30,100,50,128.0
cora_run66fun506_GAE,29.55,47.39,75.08,88.29,98.29,100.0,43.01,29.55,47.39,75.08,88.29,98.29,100.0,92.17,95.64,83.12,16,32,256,20,30,100,50,128.0
cora_runj3znzuxw_GAE,29.55,47.39,75.08,88.29,98.29,100.0,43.01,29.55,47.39,75.08,88.29,98.29,100.0,92.17,95.64,83.12,16,32,1024,20,30,100,50,128.0
cora_run7pzrzw1a_GAE,29.55,47.39,75.08,88.29,98.29,100.0,43.01,29.55,47.39,75.08,88.29,98.29,100.0,92.17,95.64,83.12,16,32,128,20,30,100,50,256.0
cora_runds8czvfk_GAE,29.55,47.39,75.08,88.29,98.29,100.0,43.01,29.55,47.39,75.08,88.29,98.29,100.0,92.17,95.64,83.12,16,32,256,20,30,100,50,256.0
cora_run1fixgiwq_GAE,29.55,47.39,75.08,88.29,98.29,100.0,43.01,29.55,47.39,75.08,88.29,98.29,100.0,92.17,95.64,83.12,16,32,1024,20,30,100,50,256.0
cora_runm5hx3d5d_GAE,29.55,47.39,75.08,88.29,98.29,100.0,43.01,29.55,47.39,75.08,88.29,98.29,100.0,92.17,95.64,83.12,16,32,128,20,30,100,50,1024.0
cora_runiihrmthy_GAE,29.55,47.39,75.08,88.29,98.29,100.0,43.01,29.55,47.39,75.08,88.29,98.29,100.0,92.17,95.64,83.12,16,32,256,20,30,100,50,1024.0
cora_runr29rgaja_GAE,29.55,47.39,75.08,88.29,98.29,100.0,43.01,29.55,47.39,75.08,88.29,98.29,100.0,92.17,95.64,83.12,16,32,1024,20,30,100,50,1024.0
cora_runmexps6ok_GAE,29.55,47.39,78.89,88.29,98.29,100.0,43.01,29.55,47.39,78.89,88.29,98.29,100.0,92.17,95.64,83.12,16,32,128,20,30,100,50,2048.0
cora_runxbxoxj7g_GAE,29.55,47.39,78.89,88.29,98.29,100.0,43.01,29.55,47.39,78.89,88.29,98.29,100.0,92.17,95.64,83.12,16,32,256,20,30,100,50,2048.0
cora_runf7ecwkaf_GAE,29.55,47.39,78.89,88.29,98.29,100.0,43.01,29.55,47.39,78.89,88.29,98.29,100.0,92.17,95.64,83.12,16,32,1024,20,30,100,50,2048.0
cora_run50tlfepf_GAE,29.55,58.57,82.14,92.25,98.29,100.0,51.27,29.55,58.57,82.14,92.25,98.29,100.0,93.92,96.62,83.12,16,64,128,20,30,100,50,16.0
cora_runih7o7wa8_GAE,29.55,58.57,82.14,92.25,98.29,100.0,51.27,29.55,58.57,82.14,92.25,98.29,100.0,93.92,96.62,83.12,16,64,256,20,30,100,50,16.0
cora_runsrosa49s_GAE,29.55,58.57,82.14,92.25,98.29,100.0,51.27,29.55,58.57,82.14,92.25,98.29,100.0,93.92,96.62,83.12,16,64,1024,20,30,100,50,16.0
cora_runpbgq9s87_GAE,29.55,58.57,82.14,92.25,98.29,100.0,51.27,29.55,58.57,82.14,92.25,98.29,100.0,93.92,96.62,83.12,16,64,128,20,30,100,50,32.0
cora_runknhszao5_GAE,29.55,58.57,82.14,92.25,98.29,100.0,51.27,29.55,58.57,82.14,92.25,98.29,100.0,93.92,96.62,83.12,16,64,256,20,30,100,50,32.0
cora_runsm5erbod_GAE,29.55,58.57,82.14,92.25,98.29,100.0,51.27,29.55,58.57,82.14,92.25,98.29,100.0,93.92,96.62,83.12,16,64,1024,20,30,100,50,32.0
cora_runju04nm11_GAE,29.55,58.57,82.14,92.25,98.29,100.0,51.27,29.55,58.57,82.14,92.25,98.29,100.0,93.92,96.62,83.12,16,64,128,20,30,100,50,64.0
cora_runwoyk13xe_GAE,29.55,58.57,82.14,92.25,98.29,100.0,51.27,29.55,58.57,82.14,92.25,98.29,100.0,93.92,96.62,83.12,16,64,256,20,30,100,50,64.0
cora_runkr6jap7f_GAE,29.55,58.57,82.14,92.25,98.29,100.0,51.27,29.55,58.57,82.14,92.25,98.29,100.0,93.92,96.62,83.12,16,64,1024,20,30,100,50,64.0
cora_runh0afo8r3_GAE,29.55,58.57,82.14,92.25,98.29,100.0,51.27,29.55,58.57,82.14,92.25,98.29,100.0,93.92,96.62,83.12,16,64,128,20,30,100,50,128.0
cora_rund01zg8of_GAE,29.55,58.57,82.14,92.25,98.29,100.0,51.27,29.55,58.57,82.14,92.25,98.29,100.0,93.92,96.62,83.12,16,64,256,20,30,100,50,128.0
cora_runobwjx5px_GAE,29.55,58.57,82.14,92.25,98.29,100.0,51.27,29.55,58.57,82.14,92.25,98.29,100.0,93.92,96.62,83.12,16,64,1024,20,30,100,50,128.0
cora_run2eogv7iv_GAE,29.55,58.57,82.14,92.25,98.29,100.0,51.27,29.55,58.57,82.14,92.25,98.29,100.0,93.92,96.62,83.12,16,64,128,20,30,100,50,256.0
cora_run6hla1gy4_GAE,29.55,58.57,82.14,92.25,98.29,100.0,51.27,29.55,58.57,82.14,92.25,98.29,100.0,93.92,96.62,83.12,16,64,256,20,30,100,50,256.0
cora_rungip8lsdv_GAE,29.55,58.57,82.14,92.25,98.29,100.0,51.27,29.55,58.57,82.14,92.25,98.29,100.0,93.92,96.62,83.12,16,64,1024,20,30,100,50,256.0
cora_runywiajb8b_GAE,29.55,58.57,82.14,92.25,98.29,100.0,51.27,29.55,58.57,82.14,92.25,98.29,100.0,93.92,96.62,83.12,16,64,128,20,30,100,50,1024.0
cora_runrs1135gn_GAE,29.55,58.57,82.14,92.25,98.29,100.0,51.27,29.55,58.57,82.14,92.25,98.29,100.0,93.92,96.62,83.12,16,64,256,20,30,100,50,1024.0
cora_run17lmq73v_GAE,29.55,58.57,82.14,92.25,98.29,100.0,51.27,29.55,58.57,82.14,92.25,98.29,100.0,93.92,96.62,83.12,16,64,1024,20,30,100,50,1024.0
cora_run4ae3zk78_GAE,29.55,58.57,82.14,92.25,98.29,100.0,51.27,29.55,58.57,82.14,92.25,98.29,100.0,93.92,96.62,83.12,16,64,128,20,30,100,50,2048.0
cora_runcgzz14pe_GAE,29.55,58.57,82.14,92.25,98.29,100.0,51.27,29.55,58.57,82.14,92.25,98.29,100.0,93.92,96.62,83.12,16,64,256,20,30,100,50,2048.0
cora_runp70zotj3_GAE,29.55,58.57,82.14,92.25,98.29,100.0,51.27,29.55,58.57,82.14,92.25,98.29,100.0,93.92,96.62,83.12,16,64,1024,20,30,100,50,2048.0
cora_run1nsziosd_GAE,29.55,58.57,82.14,92.25,98.29,100.0,51.27,29.55,58.57,82.14,92.25,98.29,100.0,93.92,96.62,83.12,16,128,128,20,30,100,50,16.0
cora_runiuommiez_GAE,29.55,58.57,82.14,92.25,98.29,100.0,51.27,29.55,58.57,82.14,92.25,98.29,100.0,93.92,96.62,83.12,16,128,256,20,30,100,50,16.0
cora_runjd9lm0vq_GAE,29.55,58.57,82.14,92.25,98.29,100.0,51.27,29.55,58.57,82.14,92.25,98.29,100.0,93.92,96.62,83.12,16,128,1024,20,30,100,50,16.0
cora_runqlk9ea7z_GAE,29.55,58.57,82.14,92.25,98.29,100.0,51.27,29.55,58.57,82.14,92.25,98.29,100.0,93.92,96.62,83.12,16,128,128,20,30,100,50,32.0
cora_runo9ix1nm3_GAE,29.55,58.57,82.14,92.25,98.29,100.0,51.27,29.55,58.57,82.14,92.25,98.29,100.0,93.92,96.62,83.12,16,128,256,20,30,100,50,32.0
cora_runs06cxma0_GAE,29.55,58.57,82.14,92.25,98.29,100.0,51.27,29.55,58.57,82.14,92.25,98.29,100.0,93.92,96.62,83.12,16,128,1024,20,30,100,50,32.0
cora_runpga4uns7_GAE,29.55,58.57,82.14,91.33,98.99,100.0,51.27,29.55,58.57,82.14,91.33,98.99,100.0,93.79,96.57,83.12,16,128,128,20,30,100,50,64.0
cora_runnk86q9ya_GAE,29.55,58.57,82.14,91.33,98.99,100.0,51.27,29.55,58.57,82.14,91.33,98.99,100.0,93.79,96.57,83.12,16,128,256,20,30,100,50,64.0
cora_runqc6xsfyc_GAE,37.32,61.51,89.56,97.54,100.0,100.0,52.47,37.32,61.51,89.56,97.54,100.0,100.0,91.81,95.97,84.94,32,32,128,10,10,100,200,2048.0
cora_run7ietqjte_GAE,37.61,61.01,89.76,97.54,100.0,100.0,52.64,37.61,61.01,89.76,97.54,100.0,100.0,91.84,96.0,84.64,32,32,128,10,10,100,200,32.0
cora_runa8r4kkgt_GAE,37.61,61.01,89.76,97.54,100.0,100.0,52.64,37.61,61.01,89.76,97.54,100.0,100.0,91.84,96.0,85.28,32,32,128,10,10,100,200,64.0
cora_runjs98qhqp_GAE,25.26,48.08,77.25,96.24,99.79,100.0,41.47,25.26,48.08,77.25,96.24,99.79,100.0,86.55,94.03,83.74,16,16,128,10,5,100,200,32.0
cora_runueki2edh_GAE,25.26,48.08,88.7,96.58,99.79,100.0,41.47,25.26,48.08,88.7,96.58,99.79,100.0,91.5,94.03,83.74,16,16,128,10,10,100,200,32.0
cora_runmeaptpur_GAE,25.26,48.08,87.49,96.58,99.79,100.0,41.47,25.26,48.08,87.49,96.58,99.79,100.0,91.5,94.03,83.74,16,16,128,10,5,100,200,64.0
cora_run4osuozb8_GAE,25.26,48.08,87.49,96.58,99.79,100.0,41.47,25.26,48.08,87.49,96.58,99.79,100.0,91.5,94.03,83.74,16,16,128,10,10,100,200,64.0
cora_runhx4s1bj4_GAE,25.26,40.78,82.02,96.58,99.79,100.0,35.44,25.26,40.78,82.02,96.58,99.79,100.0,91.5,93.1,83.74,16,16,128,10,5,100,200,128.0
cora_runv4yklqya_GAE,29.9,40.78,82.02,96.58,99.79,100.0,35.44,29.9,40.78,82.02,96.58,99.79,100.0,91.5,93.1,83.74,16,16,128,10,10,100,200,128.0
cora_rundx2vdw77_GAE,29.9,40.78,82.02,96.58,99.79,100.0,35.44,29.9,40.78,82.02,96.58,99.79,100.0,91.5,93.1,83.74,16,32,128,10,5,100,200,32.0
cora_runk5617fsz_GAE,29.9,40.78,82.02,96.41,99.79,100.0,35.44,29.9,40.78,82.02,96.41,99.79,100.0,91.4,95.55,83.71,16,32,128,10,10,100,200,32.0
cora_run5q5nf2tq_GAE,29.9,40.78,90.33,97.24,99.8,100.0,35.44,29.9,40.78,90.33,97.24,99.8,100.0,92.56,96.35,83.71,16,32,128,10,5,100,200,64.0
cora_runoapco7mf_GAE,29.9,40.78,90.33,97.24,99.8,100.0,35.44,29.9,40.78,90.33,97.24,99.8,100.0,92.56,96.35,83.71,16,32,128,10,10,100,200,64.0
cora_runq05prmfo_GAE,29.9,40.78,90.33,97.24,99.8,100.0,35.44,29.9,40.78,90.33,97.24,99.8,100.0,92.56,96.35,83.71,16,32,128,10,5,100,200,128.0
Best,50.55,72.4,93.78,99.82,100.0,100.0,61.71,50.55,72.4,93.78,99.82,100.0,100.0,93.99,96.91,87.0,160,160,1024,80,30,200,200,
