Metric,Hits@1,Hits@3,Hits@10,Hits@20,Hits@50,Hits@100,MRR,mrr_hit1,mrr_hit3,mrr_hit10,mrr_hit20,mrr_hit50,mrr_hit100,AUC,AP,acc,base_lr,batch_size,out_channels,hidden_channels,heads,negative_slope,dropout,num_layers,epochs
cora_runkrvfcv4k_GAT,70.11,85.06,88.75,90.77,92.25,92.8,78.98,70.11,85.06,88.75,90.77,92.25,92.8,96.59,97.53,85.52,0.01,1024,32,32,4,0.1,0.0,5,10000
cora_run6w7pi7ax_GAT,54.61,83.21,88.75,90.77,91.88,91.88,71.71,54.61,83.21,88.75,90.77,91.88,91.88,96.34,97.28,86.07,0.01,1024,32,32,4,0.1,0.0,6,10000
cora_run0pisfsao_GAT,73.06,83.21,88.38,90.77,91.88,91.88,71.71,73.06,83.21,88.38,90.77,91.88,91.88,96.34,97.28,87.27,0.01,1024,32,32,4,0.1,0.0,7,10000
cora_run7wwufgt2_GAT,63.65,80.07,88.38,90.77,91.88,91.88,71.89,63.65,80.07,88.38,90.77,91.88,91.88,96.34,97.28,87.27,0.01,1024,32,32,4,0.1,0.1,5,10000
cora_runkz16mcez_GAT,63.65,80.07,88.38,90.77,91.88,91.88,71.89,63.65,80.07,88.38,90.77,91.88,91.88,96.34,97.28,87.27,0.01,1024,32,32,4,0.1,0.1,6,10000
cora_run9m6ek37r_GAT,63.65,81.92,88.38,90.77,91.88,91.88,71.89,63.65,81.92,88.38,90.77,91.88,91.88,96.34,97.28,87.27,0.01,1024,32,32,4,0.1,0.1,7,10000
cora_runsthhyqb4_GAT,70.11,85.06,88.75,90.77,92.25,92.44,78.98,70.11,85.06,88.75,90.77,92.25,92.44,96.58,97.53,85.52,0.01,1024,32,32,4,0.1,0.0,5,10000
cora_runu4ixn11h_GAT,63.65,81.92,88.38,90.77,91.88,91.88,71.89,63.65,81.92,88.38,90.77,91.88,91.88,96.34,97.28,87.27,0.01,1024,32,32,4,0.2,0.0,5,10000
cora_runxpmcenbz_GAT,54.61,83.21,88.75,90.77,91.88,91.88,71.66,54.61,83.21,88.75,90.77,91.88,91.88,96.58,97.27,86.16,0.01,1024,32,32,4,0.1,0.0,6,10000
cora_runtupfe2lr_GAT,63.65,81.92,88.01,90.77,91.88,91.88,71.89,63.65,81.92,88.01,90.77,91.88,91.88,96.34,97.28,87.27,0.01,1024,32,32,4,0.2,0.0,6,10000
cora_runz5x8g5y3_GAT,73.62,83.21,88.38,90.77,91.7,91.88,71.66,73.62,83.21,88.38,90.77,91.7,91.88,96.55,97.27,87.27,0.01,1024,32,32,4,0.1,0.0,7,10000
cora_runwu8l0jpl_GAT,63.65,81.92,88.01,90.77,91.88,91.88,71.89,63.65,81.92,88.01,90.77,91.88,91.88,96.34,97.28,87.27,0.01,1024,32,32,4,0.2,0.0,7,10000
cora_runzisr358v_GAT,64.02,80.07,88.38,90.77,91.7,91.88,72.03,64.02,80.07,88.38,90.77,91.7,91.88,96.55,97.27,87.27,0.01,1024,32,32,4,0.1,0.1,5,10000
cora_run1k890lgf_GAT,78.78,81.92,88.01,90.77,91.88,91.88,81.54,78.78,81.92,88.01,90.77,91.88,91.88,96.34,97.28,87.27,0.01,1024,32,32,4,0.2,0.1,5,10000
cora_run9smysisi_GAT,64.02,80.07,88.38,90.77,91.7,91.88,72.03,64.02,80.07,88.38,90.77,91.7,91.88,96.55,97.27,87.27,0.01,1024,32,32,4,0.1,0.1,6,10000
cora_run5srsmuni_GAT,78.78,81.92,88.01,90.77,91.88,91.88,81.54,78.78,81.92,88.01,90.77,91.88,91.88,96.34,97.28,87.27,0.01,1024,32,32,4,0.2,0.1,6,10000
cora_runj6uhbwas_GAT,78.78,81.92,88.01,90.77,91.88,91.88,81.54,78.78,81.92,88.01,90.77,91.88,91.88,96.28,97.28,83.21,0.01,1024,32,32,4,0.2,0.1,7,10000
cora_run3x6bg7b3_GAT,64.02,82.1,88.38,90.77,91.7,91.88,72.03,64.02,82.1,88.38,90.77,91.7,91.88,96.55,97.27,87.27,0.01,1024,32,32,4,0.1,0.1,7,10000
cora_runlb1gnhns_GAT,78.78,81.92,88.01,90.77,91.88,91.88,81.54,78.78,81.92,88.01,90.77,91.88,91.88,96.28,97.28,83.21,0.01,1024,32,32,2,0.1,0.0,5,10000
cora_runprqgadtp_GAT,64.02,82.1,88.38,90.77,91.33,91.88,72.03,64.02,82.1,88.38,90.77,91.33,91.88,96.55,97.27,87.27,0.01,1024,32,32,4,0.2,0.0,5,10000
cora_runp1ygcc99_GAT,78.78,81.92,88.01,90.77,91.88,91.88,81.54,78.78,81.92,88.01,90.77,91.88,91.88,96.28,97.28,83.21,0.01,1024,32,32,2,0.1,0.0,6,10000
cora_runfyfv2adm_GAT,64.02,82.1,88.01,90.77,91.33,91.88,72.03,64.02,82.1,88.01,90.77,91.33,91.88,96.55,97.27,87.27,0.01,1024,32,32,4,0.2,0.0,6,10000
cora_runmfmpw4a9_GAT,78.78,81.92,88.01,90.77,91.88,91.88,81.54,78.78,81.92,88.01,90.77,91.88,91.88,96.28,97.28,83.21,0.01,1024,32,32,2,0.1,0.0,7,10000
cora_run137msh2b_GAT,64.02,82.1,88.01,90.77,91.33,91.88,72.03,64.02,82.1,88.01,90.77,91.33,91.88,96.55,97.27,87.27,0.01,1024,32,32,4,0.2,0.0,7,10000
cora_runiuht3v9v_GAT,78.78,81.92,88.01,90.77,91.88,91.88,81.54,78.78,81.92,88.01,90.77,91.88,91.88,96.28,97.28,83.21,0.01,1024,32,32,2,0.1,0.1,5,10000
cora_runowed1r2e_GAT,78.78,82.1,88.01,90.77,91.33,91.88,81.53,78.78,82.1,88.01,90.77,91.33,91.88,96.55,97.27,87.27,0.01,1024,32,32,4,0.2,0.1,5,10000
cora_runmq8pjcis_GAT,78.78,81.92,88.01,90.77,91.88,91.88,81.54,78.78,81.92,88.01,90.77,91.88,91.88,96.28,97.28,83.21,0.01,1024,32,32,2,0.1,0.1,6,10000
cora_runjkmt4zmv_GAT,66.05,82.1,88.01,90.77,91.33,91.88,81.53,66.05,82.1,88.01,90.77,91.33,91.88,96.55,97.27,87.27,0.01,1024,32,32,4,0.2,0.1,6,10000
cora_runhqcjk5zr_GAT,73.06,81.92,88.01,90.77,91.88,91.88,78.85,73.06,81.92,88.01,90.77,91.88,91.88,96.23,97.28,83.21,0.01,1024,32,32,2,0.1,0.1,7,10000
cora_run4qlxbvof_GAT,66.05,82.1,88.01,90.77,91.33,91.88,81.53,66.05,82.1,88.01,90.77,91.33,91.88,96.43,97.27,83.21,0.01,1024,32,32,4,0.2,0.1,7,10000
cora_runfnw0ew4a_GAT,73.06,81.92,88.01,90.77,91.88,91.88,78.85,73.06,81.92,88.01,90.77,91.88,91.88,96.23,97.28,83.21,0.01,1024,32,32,2,0.2,0.0,5,10000
cora_runa3ii3o7g_GAT,66.05,82.1,88.01,90.77,91.33,91.88,81.53,66.05,82.1,88.01,90.77,91.33,91.88,96.43,97.27,83.21,0.01,1024,32,32,2,0.1,0.0,5,10000
cora_run4k5auzd4_GAT,73.06,81.92,88.01,90.77,91.88,91.88,78.85,73.06,81.92,88.01,90.77,91.88,91.88,96.23,97.28,83.21,0.01,1024,32,32,2,0.2,0.0,6,10000
cora_runobydi6ot_GAT,66.05,82.1,88.01,90.77,91.33,91.88,81.53,66.05,82.1,88.01,90.77,91.33,91.88,96.43,97.27,83.21,0.01,1024,32,32,2,0.1,0.0,6,10000
cora_runlyfis4ip_GAT,73.06,81.92,88.01,90.77,91.88,91.88,78.85,73.06,81.92,88.01,90.77,91.88,91.88,96.23,97.28,83.21,0.01,1024,32,32,2,0.2,0.0,7,10000
cora_runh3uvvfxz_GAT,66.05,82.1,88.01,90.77,91.33,91.88,81.53,66.05,82.1,88.01,90.77,91.33,91.88,96.43,97.27,83.21,0.01,1024,32,32,2,0.1,0.0,7,10000
cora_runnepzf72g_GAT,73.06,81.92,88.01,90.77,91.88,91.88,78.85,73.06,81.92,88.01,90.77,91.88,91.88,96.23,97.28,83.21,0.01,1024,32,32,2,0.2,0.1,5,10000
cora_runx5pjdnik_GAT,66.05,82.1,88.01,90.77,91.33,91.88,81.53,66.05,82.1,88.01,90.77,91.33,91.88,96.43,97.27,83.21,0.01,1024,32,32,2,0.1,0.1,5,10000
cora_run341yfz5z_GAT,73.06,81.92,88.01,90.77,91.88,91.88,78.85,73.06,81.92,88.01,90.77,91.88,91.88,96.23,97.28,83.21,0.01,1024,32,32,2,0.2,0.1,6,10000
cora_run27g6li21_GAT,66.05,82.1,88.01,90.77,91.33,91.88,81.53,66.05,82.1,88.01,90.77,91.33,91.88,96.43,97.27,83.21,0.01,1024,32,32,2,0.1,0.1,6,10000
cora_runuth718xu_GAT,73.06,81.92,88.01,90.77,91.88,91.88,78.85,73.06,81.92,88.01,90.77,91.88,91.88,96.23,97.28,83.21,0.01,1024,32,32,2,0.2,0.1,7,10000
cora_runsndd4z8r_GAT,73.25,82.1,88.01,90.77,91.33,91.88,78.94,73.25,82.1,88.01,90.77,91.33,91.88,96.23,97.27,83.21,0.01,1024,32,32,2,0.1,0.1,7,10000
cora_runfngr1w02_GAT,73.06,81.92,88.01,90.77,91.88,91.88,78.85,73.06,81.92,88.01,90.77,91.88,91.88,96.23,97.28,83.21,0.01,1024,32,32,8,0.1,0.0,5,10000
cora_runh5f1wjt1_GAT,73.25,82.1,88.01,90.77,91.33,91.88,78.94,73.25,82.1,88.01,90.77,91.33,91.88,96.23,97.55,83.21,0.01,1024,32,32,2,0.2,0.0,5,10000
cora_run8y1nuqau_GAT,73.06,81.92,88.01,90.77,91.88,91.88,78.85,73.06,81.92,88.01,90.77,91.88,91.88,96.23,97.51,83.21,0.01,1024,32,32,8,0.1,0.0,6,10000
cora_runh0yoqoj3_GAT,73.25,82.1,88.01,90.77,91.33,91.88,78.94,73.25,82.1,88.01,90.77,91.33,91.88,96.23,97.55,83.21,0.01,1024,32,32,2,0.2,0.0,6,10000
cora_runcy8umim5_GAT,73.06,81.92,88.01,90.77,91.88,92.07,78.85,73.06,81.92,88.01,90.77,91.88,92.07,96.23,97.44,83.21,0.01,1024,32,32,8,0.1,0.0,7,10000
cora_runn01p6khw_GAT,73.25,82.1,88.01,90.77,91.33,91.88,78.94,73.25,82.1,88.01,90.77,91.33,91.88,96.23,97.55,83.21,0.01,1024,32,32,2,0.2,0.0,7,10000
cora_runnodb4ebx_GAT,73.06,81.92,88.01,90.77,91.88,92.07,78.85,73.06,81.92,88.01,90.77,91.88,92.07,96.23,97.44,83.21,0.01,1024,32,32,8,0.1,0.1,5,10000
cora_runh6662lfs_GAT,73.25,82.1,88.01,90.77,91.33,91.88,78.94,73.25,82.1,88.01,90.77,91.33,91.88,96.23,97.55,83.21,0.01,1024,32,32,2,0.2,0.1,5,10000
cora_runp7baex5q_GAT,73.06,81.92,88.01,90.77,91.88,92.07,78.85,73.06,81.92,88.01,90.77,91.88,92.07,96.23,97.44,83.21,0.01,1024,32,32,8,0.1,0.1,6,10000
cora_runupf4hyaf_GAT,73.25,82.1,88.01,90.77,91.33,91.88,78.94,73.25,82.1,88.01,90.77,91.33,91.88,96.23,97.55,83.21,0.01,1024,32,32,2,0.2,0.1,6,10000
cora_runj25xwd76_GAT,73.06,81.92,88.01,90.77,91.88,92.07,78.85,73.06,81.92,88.01,90.77,91.88,92.07,96.23,97.44,83.21,0.01,1024,32,32,8,0.1,0.1,7,10000
cora_runiho7fmpm_GAT,73.25,82.1,88.01,90.77,91.33,91.88,78.94,73.25,82.1,88.01,90.77,91.33,91.88,96.23,97.55,83.21,0.01,1024,32,32,2,0.2,0.1,7,10000
cora_runhmv32y4q_GAT,73.06,81.92,88.01,90.77,91.88,92.07,78.85,73.06,81.92,88.01,90.77,91.88,92.07,96.23,97.44,83.21,0.01,1024,32,32,8,0.2,0.0,5,10000
cora_run0o2eauew_GAT,73.25,82.1,88.01,90.77,91.33,91.88,78.94,73.25,82.1,88.01,90.77,91.33,91.88,96.23,97.55,83.21,0.01,1024,32,32,8,0.1,0.0,5,10000
cora_run2raphyo8_GAT,73.06,81.92,88.01,90.77,91.88,92.07,78.85,73.06,81.92,88.01,90.77,91.88,92.07,96.23,97.44,83.21,0.01,1024,32,32,8,0.2,0.0,6,10000
cora_run3gk8v3bu_GAT,73.25,82.1,88.01,90.77,91.33,91.88,78.94,73.25,82.1,88.01,90.77,91.33,91.88,96.23,97.51,83.21,0.01,1024,32,32,8,0.1,0.0,6,10000
cora_run9u556yuv_GAT,73.06,81.92,88.01,90.77,91.88,92.07,78.85,73.06,81.92,88.01,90.77,91.88,92.07,96.23,97.44,83.21,0.01,1024,32,32,8,0.2,0.0,7,10000
cora_runhc7sqh4z_GAT,73.25,82.1,88.01,90.77,91.33,92.44,78.94,73.25,82.1,88.01,90.77,91.33,92.44,96.23,97.51,83.21,0.01,1024,32,32,8,0.1,0.0,7,10000
cora_run9ji736l1_GAT,73.06,81.92,88.01,90.77,91.88,92.07,78.85,73.06,81.92,88.01,90.77,91.88,92.07,96.23,97.44,83.21,0.01,1024,32,32,8,0.2,0.1,5,10000
cora_run1da1keqk_GAT,73.25,82.1,88.01,90.77,91.33,92.44,78.94,73.25,82.1,88.01,90.77,91.33,92.44,96.23,97.51,83.21,0.01,1024,32,32,8,0.1,0.1,5,10000
cora_runjirxg27h_GAT,73.06,81.92,88.01,90.77,91.88,92.07,78.85,73.06,81.92,88.01,90.77,91.88,92.07,96.23,97.44,83.21,0.01,1024,32,32,8,0.2,0.1,6,10000
cora_run3q3m8b2w_GAT,73.25,82.1,88.01,90.77,91.33,92.44,78.94,73.25,82.1,88.01,90.77,91.33,92.44,96.23,97.51,83.21,0.01,1024,32,32,8,0.1,0.1,6,10000
cora_runxtoj6p79_GAT,73.06,81.92,88.01,90.77,91.88,92.07,78.85,73.06,81.92,88.01,90.77,91.88,92.07,96.23,97.44,83.21,0.01,1024,32,32,8,0.2,0.1,7,10000
cora_run56b7quxp_GAT,73.25,82.1,88.01,90.77,91.33,92.44,78.94,73.25,82.1,88.01,90.77,91.33,92.44,96.23,97.51,83.21,0.01,1024,32,32,8,0.1,0.1,7,10000
cora_runsnqp3omt_GAT,73.06,81.92,88.01,90.77,91.88,92.07,78.85,73.06,81.92,88.01,90.77,91.88,92.07,96.23,97.44,83.21,0.01,1024,32,64,4,0.1,0.0,5,10000
cora_runuxm5mtbj_GAT,73.25,82.1,88.01,90.77,91.33,92.44,78.94,73.25,82.1,88.01,90.77,91.33,92.44,96.23,97.5,83.21,0.01,1024,32,32,8,0.2,0.0,5,10000
cora_runnqj6a5qe_GAT,73.06,81.92,88.01,90.77,91.14,92.07,78.85,73.06,81.92,88.01,90.77,91.14,92.07,96.23,97.44,83.21,0.01,1024,32,64,4,0.1,0.0,6,10000
cora_run2r6q1d4f_GAT,73.25,82.1,88.01,90.77,91.33,92.44,78.94,73.25,82.1,88.01,90.77,91.33,92.44,96.23,97.5,83.21,0.01,1024,32,32,8,0.2,0.0,6,10000
cora_runpceyw8zz_GAT,73.06,81.92,88.01,90.77,91.14,92.07,78.85,73.06,81.92,88.01,90.77,91.14,92.07,96.23,97.44,83.21,0.01,1024,32,64,4,0.1,0.0,7,10000
cora_run815rfyn7_GAT,73.25,82.1,88.01,90.77,91.33,92.44,78.94,73.25,82.1,88.01,90.77,91.33,92.44,96.23,97.5,83.21,0.01,1024,32,32,8,0.2,0.0,7,10000
cora_runb1ln7e6o_GAT,73.06,81.92,88.01,90.77,91.14,92.07,78.85,73.06,81.92,88.01,90.77,91.14,92.07,96.23,97.44,82.47,0.01,1024,32,64,4,0.1,0.1,5,10000
cora_run0flpcv4z_GAT,73.25,82.1,88.01,90.77,91.33,92.44,78.94,73.25,82.1,88.01,90.77,91.33,92.44,96.23,97.5,83.21,0.01,1024,32,32,8,0.2,0.1,5,10000
cora_run3datc6yh_GAT,73.06,81.92,88.01,90.77,91.14,92.07,78.85,73.06,81.92,88.01,90.77,91.14,92.07,96.23,97.44,82.47,0.01,1024,32,64,4,0.1,0.1,6,10000
cora_run9rog15ic_GAT,73.25,82.1,88.01,90.77,91.33,92.44,78.94,73.25,82.1,88.01,90.77,91.33,92.44,96.23,97.5,83.21,0.01,1024,32,32,8,0.2,0.1,6,10000
cora_runzt7c0pgg_GAT,73.06,80.44,88.01,90.77,91.14,92.07,78.85,73.06,80.44,88.01,90.77,91.14,92.07,96.23,97.44,82.47,0.01,1024,32,64,4,0.1,0.1,7,10000
cora_runepgbazbp_GAT,73.25,82.1,88.01,90.77,91.33,92.44,78.94,73.25,82.1,88.01,90.77,91.33,92.44,96.23,97.5,83.21,0.01,1024,32,32,8,0.2,0.1,7,10000
cora_runnroscwtj_GAT,73.06,80.44,88.01,90.77,91.14,92.07,78.85,73.06,80.44,88.01,90.77,91.14,92.07,96.83,97.56,82.47,0.01,1024,32,64,4,0.2,0.0,5,10000
cora_runrld51d0s_GAT,73.25,82.1,88.01,90.77,91.33,92.44,78.94,73.25,82.1,88.01,90.77,91.33,92.44,96.23,97.5,83.21,0.01,1024,32,64,4,0.1,0.0,5,10000
cora_run0stc13gf_GAT,73.06,80.44,88.01,90.77,91.14,92.07,78.85,73.06,80.44,88.01,90.77,91.14,92.07,96.83,97.56,82.47,0.01,1024,32,64,4,0.2,0.0,6,10000
cora_runjizg1bcg_GAT,73.25,82.1,88.01,90.77,91.14,92.44,78.94,73.25,82.1,88.01,90.77,91.14,92.44,96.23,97.5,83.21,0.01,1024,32,64,4,0.1,0.0,6,10000
cora_runjdomsgms_GAT,73.06,80.44,88.01,90.77,91.14,92.07,78.85,73.06,80.44,88.01,90.77,91.14,92.07,96.83,97.56,82.47,0.01,1024,32,64,4,0.2,0.0,7,10000
cora_runzebipjc0_GAT,73.25,82.1,88.01,90.77,91.14,92.44,78.94,73.25,82.1,88.01,90.77,91.14,92.44,96.23,97.5,83.21,0.01,1024,32,64,4,0.1,0.0,7,10000
cora_runm3rrebcl_GAT,73.06,80.44,88.01,90.77,91.14,92.07,78.85,73.06,80.44,88.01,90.77,91.14,92.07,96.83,97.56,82.47,0.01,1024,32,64,4,0.2,0.1,5,10000
cora_runtahipzwy_GAT,73.25,82.1,88.01,90.77,91.14,92.44,78.94,73.25,82.1,88.01,90.77,91.14,92.44,96.23,97.5,82.47,0.01,1024,32,64,4,0.1,0.1,5,10000
cora_runybxm7nwz_GAT,73.06,80.44,88.01,90.77,91.14,92.07,78.85,73.06,80.44,88.01,90.77,91.14,92.07,96.83,97.56,82.47,0.01,1024,32,64,4,0.2,0.1,6,10000
cora_run1oaaemrh_GAT,73.25,82.1,88.01,90.77,91.14,92.44,78.94,73.25,82.1,88.01,90.77,91.14,92.44,96.23,97.5,82.47,0.01,1024,32,64,4,0.1,0.1,6,10000
cora_run9e0vgbee_GAT,73.06,80.44,88.01,90.77,91.14,92.07,78.85,73.06,80.44,88.01,90.77,91.14,92.07,96.83,97.56,82.47,0.01,1024,32,64,4,0.2,0.1,7,10000
cora_runjc2w1w7q_GAT,73.25,80.44,88.01,90.77,91.14,92.44,78.94,73.25,80.44,88.01,90.77,91.14,92.44,96.23,97.5,82.47,0.01,1024,32,64,4,0.1,0.1,7,10000
cora_run8z5smjzd_GAT,73.06,80.44,88.01,90.77,91.14,92.07,78.85,73.06,80.44,88.01,90.77,91.14,92.07,96.83,97.56,82.47,0.01,1024,32,64,2,0.1,0.0,5,10000
cora_runbevrdrrf_GAT,73.25,80.44,88.01,90.77,91.14,92.44,78.94,73.25,80.44,88.01,90.77,91.14,92.44,96.83,97.57,82.47,0.01,1024,32,64,4,0.2,0.0,5,10000
cora_run5sudkl9b_GAT,73.06,80.44,88.01,90.77,91.14,92.07,78.85,73.06,80.44,88.01,90.77,91.14,92.07,96.83,97.56,83.67,0.01,1024,32,64,2,0.1,0.0,6,10000
cora_runjjazav3v_GAT,73.25,80.44,88.01,90.77,91.14,92.44,78.94,73.25,80.44,88.01,90.77,91.14,92.44,96.83,97.57,82.47,0.01,1024,32,64,4,0.2,0.0,6,10000
cora_runcn6oj7lo_GAT,73.06,80.44,88.01,90.77,91.14,92.07,78.85,73.06,80.44,88.01,90.77,91.14,92.07,96.83,97.56,83.67,0.01,1024,32,64,2,0.1,0.0,7,10000
cora_runz3q4emsi_GAT,73.25,80.44,88.01,90.77,91.14,92.44,78.94,73.25,80.44,88.01,90.77,91.14,92.44,96.83,97.57,82.47,0.01,1024,32,64,4,0.2,0.0,7,10000
cora_runvyand7t9_GAT,73.25,80.44,88.01,90.04,91.33,92.44,78.94,73.25,80.44,88.01,90.04,91.33,92.44,96.83,97.57,83.58,0.01,1024,32,64,8,0.1,0.1,7,10000
cora_run4u96womh_GAT,73.06,80.44,88.01,90.04,91.33,92.07,78.85,73.06,80.44,88.01,90.04,91.33,92.07,96.83,97.56,83.67,0.01,1024,32,64,8,0.2,0.1,7,10000
cora_run1cs3p7fr_GAT,73.25,80.44,88.01,90.04,91.33,92.44,78.94,73.25,80.44,88.01,90.04,91.33,92.44,96.83,97.57,83.58,0.01,1024,32,64,8,0.2,0.0,5,10000
cora_runc2ueu2hk_GAT,73.06,80.44,88.01,90.04,91.33,92.07,78.85,73.06,80.44,88.01,90.04,91.33,92.07,96.83,97.56,83.67,0.01,1024,32,128,4,0.1,0.0,5,10000
cora_runhgww2id6_GAT,73.25,80.44,88.01,90.04,91.33,92.44,78.94,73.25,80.44,88.01,90.04,91.33,92.44,96.83,97.57,83.58,0.01,1024,32,64,8,0.2,0.0,6,10000
cora_runk50bdqys_GAT,73.06,80.44,88.01,90.04,91.33,92.07,78.85,73.06,80.44,88.01,90.04,91.33,92.07,96.83,97.56,83.67,0.01,1024,32,128,4,0.1,0.0,6,10000
cora_runvn9d6llv_GAT,73.25,80.44,88.01,90.04,91.33,92.44,78.94,73.25,80.44,88.01,90.04,91.33,92.44,96.83,97.57,83.58,0.01,1024,32,64,8,0.2,0.0,7,10000
cora_runvik45cu7_GAT,73.06,80.44,88.01,90.04,91.33,92.07,78.85,73.06,80.44,88.01,90.04,91.33,92.07,96.83,97.56,83.67,0.01,1024,32,128,4,0.1,0.0,7,10000
cora_run63gfhlf8_GAT,73.25,80.44,88.01,90.04,91.33,92.44,78.94,73.25,80.44,88.01,90.04,91.33,92.44,96.83,97.57,83.58,0.01,1024,32,64,8,0.2,0.1,5,10000
cora_runy6u1qql6_GAT,73.06,80.44,88.01,90.04,91.33,92.07,78.85,73.06,80.44,88.01,90.04,91.33,92.07,96.83,97.56,83.67,0.01,1024,32,128,4,0.1,0.1,5,10000
cora_rundskp57e3_GAT,73.25,80.44,88.01,90.04,91.33,92.44,78.94,73.25,80.44,88.01,90.04,91.33,92.44,96.83,97.57,83.58,0.01,1024,32,64,8,0.2,0.1,6,10000
cora_run4zz4ohlt_GAT,73.06,80.44,88.01,90.04,91.33,92.07,78.85,73.06,80.44,88.01,90.04,91.33,92.07,96.83,97.56,83.67,0.01,1024,32,128,4,0.1,0.1,6,10000
cora_runrxiz09e8_GAT,73.25,80.44,88.01,90.04,91.33,92.44,78.94,73.25,80.44,88.01,90.04,91.33,92.44,96.83,97.57,83.58,0.01,1024,32,64,8,0.2,0.1,7,10000
cora_runpn5gxvkh_GAT,73.06,80.44,88.01,90.04,91.33,92.07,78.85,73.06,80.44,88.01,90.04,91.33,92.07,96.83,97.56,83.67,0.01,1024,32,128,4,0.1,0.1,7,10000
cora_rung42q9orj_GAT,73.25,80.44,88.01,90.04,91.33,92.44,78.94,73.25,80.44,88.01,90.04,91.33,92.44,96.83,97.57,83.58,0.01,1024,32,128,4,0.1,0.0,5,10000
cora_runqg2xo4of_GAT,73.06,80.44,88.01,90.04,91.33,92.07,78.85,73.06,80.44,88.01,90.04,91.33,92.07,96.83,97.56,83.67,0.01,1024,32,128,4,0.2,0.0,5,10000
cora_run2p7j8jhe_GAT,73.25,80.44,88.01,90.04,91.33,92.44,78.94,73.25,80.44,88.01,90.04,91.33,92.44,96.83,97.57,83.58,0.01,1024,32,128,4,0.1,0.0,6,10000
cora_runymhmevj2_GAT,73.06,80.44,88.01,90.04,91.33,92.07,78.85,73.06,80.44,88.01,90.04,91.33,92.07,96.83,97.56,83.67,0.01,1024,32,128,4,0.2,0.0,6,10000
cora_runkgn6cjw8_GAT,73.25,80.44,88.01,90.04,91.33,92.44,78.94,73.25,80.44,88.01,90.04,91.33,92.44,96.83,97.57,83.58,0.01,1024,32,128,4,0.1,0.0,7,10000
cora_rungghmawse_GAT,73.06,80.44,88.01,90.04,91.33,92.07,78.85,73.06,80.44,88.01,90.04,91.33,92.07,96.83,97.56,83.67,0.01,1024,32,128,4,0.2,0.0,7,10000
cora_runjrt3btcs_GAT,73.25,80.44,88.01,90.04,91.33,92.44,78.94,73.25,80.44,88.01,90.04,91.33,92.44,96.83,97.57,83.58,0.01,1024,32,128,4,0.1,0.1,5,10000
cora_run9pl3tdbd_GAT,73.06,80.44,88.01,90.04,91.33,92.07,78.85,73.06,80.44,88.01,90.04,91.33,92.07,96.83,97.56,83.67,0.01,1024,32,128,4,0.2,0.1,5,10000
cora_runtmvm9c1l_GAT,73.25,80.44,88.01,90.04,91.33,92.44,78.94,73.25,80.44,88.01,90.04,91.33,92.44,96.83,97.57,83.58,0.01,1024,32,128,4,0.1,0.1,6,10000
cora_run6xnz7m82_GAT,73.06,80.44,88.01,90.04,91.33,92.07,78.85,73.06,80.44,88.01,90.04,91.33,92.07,96.83,97.56,83.67,0.01,1024,32,128,4,0.2,0.1,6,10000
cora_rung17tz3as_GAT,73.25,80.44,88.01,90.04,91.33,92.44,78.94,73.25,80.44,88.01,90.04,91.33,92.44,96.83,97.57,83.58,0.01,1024,32,128,4,0.1,0.1,7,10000
cora_runfnfcskr3_GAT,73.06,80.44,88.01,90.04,91.33,92.07,78.85,73.06,80.44,88.01,90.04,91.33,92.07,96.83,97.56,83.67,0.01,1024,32,128,4,0.2,0.1,7,10000
cora_runvsbgd6td_GAT,73.25,80.44,88.01,90.04,91.33,92.44,78.94,73.25,80.44,88.01,90.04,91.33,92.44,96.83,97.57,83.58,0.01,1024,32,128,4,0.2,0.0,5,10000
cora_runwmr17jzo_GAT,73.06,80.44,88.01,90.04,91.33,92.07,78.85,73.06,80.44,88.01,90.04,91.33,92.07,96.83,97.56,83.67,0.01,1024,32,128,2,0.1,0.0,5,10000
cora_runpwfqzmab_GAT,73.25,80.44,88.01,90.04,91.33,92.44,78.94,73.25,80.44,88.01,90.04,91.33,92.44,96.83,97.57,83.58,0.01,1024,32,128,4,0.2,0.0,6,10000
cora_runa0eypnj5_GAT,73.06,80.44,88.01,90.04,91.33,92.25,78.85,73.06,80.44,88.01,90.04,91.33,92.25,96.83,97.56,83.67,0.01,1024,32,128,2,0.1,0.0,6,10000
cora_run14v40i6t_GAT,73.25,80.44,88.01,90.04,91.33,92.44,78.94,73.25,80.44,88.01,90.04,91.33,92.44,96.83,97.57,83.58,0.01,1024,32,128,4,0.2,0.0,7,10000
cora_runwb1wu01z_GAT,73.06,80.44,88.01,90.04,91.33,92.25,78.85,73.06,80.44,88.01,90.04,91.33,92.25,96.83,97.56,83.67,0.01,1024,32,128,2,0.1,0.0,7,10000
cora_run5z8va380_GAT,73.25,80.44,88.01,90.04,91.33,92.44,78.94,73.25,80.44,88.01,90.04,91.33,92.44,96.83,97.57,83.58,0.01,1024,32,128,4,0.2,0.1,5,10000
cora_runbwliheot_GAT,73.06,80.44,88.01,90.04,91.33,92.25,78.85,73.06,80.44,88.01,90.04,91.33,92.25,96.83,97.56,83.67,0.01,1024,32,128,2,0.1,0.1,5,10000
cora_runndbkb67d_GAT,73.25,80.44,88.01,90.04,91.33,92.44,78.94,73.25,80.44,88.01,90.04,91.33,92.44,96.83,97.57,83.58,0.01,1024,32,128,4,0.2,0.1,6,10000
cora_run704ajm5q_GAT,73.06,80.44,88.01,90.04,91.33,92.25,78.85,73.06,80.44,88.01,90.04,91.33,92.25,96.83,97.56,83.67,0.01,1024,32,128,2,0.1,0.1,6,10000
cora_runmfy9ovuh_GAT,73.25,80.44,88.01,90.04,91.33,92.44,78.94,73.25,80.44,88.01,90.04,91.33,92.44,96.83,97.57,83.58,0.01,1024,32,128,4,0.2,0.1,7,10000
cora_run10xx72bp_GAT,73.06,80.44,88.01,90.04,91.33,92.25,78.85,73.06,80.44,88.01,90.04,91.33,92.25,96.83,97.56,83.67,0.01,1024,32,128,2,0.1,0.1,7,10000
cora_runa1n8jxk6_GAT,73.25,80.44,88.01,90.04,91.33,92.44,78.94,73.25,80.44,88.01,90.04,91.33,92.44,96.83,97.57,83.58,0.01,1024,32,128,2,0.1,0.0,5,10000
cora_runiv82zik3_GAT,73.06,80.44,88.01,90.04,91.33,92.25,78.85,73.06,80.44,88.01,90.04,91.33,92.25,96.83,97.56,83.67,0.01,1024,32,128,2,0.2,0.0,5,10000
cora_runzzoevmft_GAT,73.25,80.44,88.01,90.04,91.33,92.25,78.94,73.25,80.44,88.01,90.04,91.33,92.25,96.83,97.57,83.58,0.01,1024,32,128,2,0.1,0.0,6,10000
cora_run4ucme83r_GAT,73.06,80.44,88.01,90.04,91.33,92.25,78.85,73.06,80.44,88.01,90.04,91.33,92.25,96.83,97.56,83.67,0.01,1024,32,128,2,0.2,0.0,6,10000
cora_run3r7tkoox_GAT,73.25,80.44,88.01,90.04,91.33,92.25,78.94,73.25,80.44,88.01,90.04,91.33,92.25,96.83,97.57,83.58,0.01,1024,32,128,2,0.1,0.0,7,10000
cora_runrzbbiogx_GAT,73.06,80.44,88.01,90.04,91.33,92.25,78.85,73.06,80.44,88.01,90.04,91.33,92.25,96.83,97.56,83.67,0.01,1024,32,128,2,0.2,0.0,7,10000
cora_runwkxs1sh9_GAT,73.25,80.44,88.01,90.04,91.33,92.25,78.94,73.25,80.44,88.01,90.04,91.33,92.25,96.83,97.57,83.58,0.01,1024,32,128,2,0.1,0.1,5,10000
cora_runglsnlbdc_GAT,73.06,80.44,88.01,90.04,91.33,92.25,78.85,73.06,80.44,88.01,90.04,91.33,92.25,96.83,97.56,83.67,0.01,1024,32,128,2,0.2,0.1,5,10000
cora_runmmxghkze_GAT,73.25,80.44,88.01,90.04,91.33,92.25,78.94,73.25,80.44,88.01,90.04,91.33,92.25,96.83,97.57,83.58,0.01,1024,32,128,2,0.1,0.1,6,10000
cora_runfuimqpbf_GAT,73.06,80.44,88.01,90.04,91.33,92.25,78.85,73.06,80.44,88.01,90.04,91.33,92.25,96.83,97.56,83.67,0.01,1024,32,128,2,0.2,0.1,6,10000
cora_runsopba5hf_GAT,73.25,80.44,88.01,90.04,91.33,92.25,78.94,73.25,80.44,88.01,90.04,91.33,92.25,96.83,97.57,83.58,0.01,1024,32,128,2,0.1,0.1,7,10000
cora_run9msvjaeg_GAT,73.06,80.44,88.01,90.04,91.33,92.25,78.85,73.06,80.44,88.01,90.04,91.33,92.25,96.83,97.56,83.67,0.01,1024,32,128,2,0.2,0.1,7,10000
cora_runc689i8ds_GAT,73.25,80.44,88.01,90.04,91.33,92.25,78.94,73.25,80.44,88.01,90.04,91.33,92.25,96.83,97.57,83.58,0.01,1024,32,128,2,0.2,0.0,5,10000
cora_run6l57smii_GAT,73.06,80.44,88.01,90.04,91.33,92.25,78.85,73.06,80.44,88.01,90.04,91.33,92.25,96.83,97.56,83.67,0.01,1024,32,128,8,0.1,0.0,5,10000
cora_runt3rew7me_GAT,73.25,80.44,88.01,90.04,91.33,92.25,78.94,73.25,80.44,88.01,90.04,91.33,92.25,96.83,97.57,83.58,0.01,1024,32,128,2,0.2,0.0,6,10000
cora_run8pmsos5a_GAT,73.06,80.44,88.01,90.04,91.33,92.25,78.85,73.06,80.44,88.01,90.04,91.33,92.25,96.83,97.56,83.67,0.01,1024,32,128,8,0.1,0.0,6,10000
cora_runeduvfrzb_GAT,73.25,80.44,88.01,90.04,91.33,92.25,78.94,73.25,80.44,88.01,90.04,91.33,92.25,96.83,97.57,83.58,0.01,1024,32,128,2,0.2,0.0,7,10000
cora_runq9cqjvyx_GAT,73.06,80.44,88.01,90.04,91.33,92.25,78.85,73.06,80.44,88.01,90.04,91.33,92.25,96.83,97.56,83.67,0.01,1024,32,128,8,0.1,0.0,7,10000
cora_run91aneme5_GAT,73.25,80.44,88.01,90.04,91.33,92.25,78.94,73.25,80.44,88.01,90.04,91.33,92.25,96.83,97.57,83.58,0.01,1024,32,128,2,0.2,0.1,5,10000
cora_run42lzi3u9_GAT,73.06,80.44,88.01,90.04,91.33,92.25,78.85,73.06,80.44,88.01,90.04,91.33,92.25,96.83,97.56,83.67,0.01,1024,32,128,8,0.1,0.1,5,10000
cora_run367r8bnc_GAT,73.25,80.44,88.01,90.04,91.33,92.25,78.94,73.25,80.44,88.01,90.04,91.33,92.25,96.83,97.57,83.58,0.01,1024,32,128,2,0.2,0.1,6,10000
cora_run553s5dqs_GAT,73.06,80.44,88.01,90.04,91.33,92.25,78.85,73.06,80.44,88.01,90.04,91.33,92.25,96.83,97.56,83.67,0.01,1024,32,128,8,0.1,0.1,6,10000
cora_runk980wrjf_GAT,73.25,80.44,88.01,90.04,91.33,92.25,78.94,73.25,80.44,88.01,90.04,91.33,92.25,96.83,97.57,83.58,0.01,1024,32,128,2,0.2,0.1,7,10000
cora_runcyk60b41_GAT,80.44,80.44,88.01,90.04,91.33,92.25,82.39,80.44,80.44,88.01,90.04,91.33,92.25,96.83,97.56,83.67,0.01,1024,32,128,8,0.1,0.1,7,10000
cora_rungfjx4k7m_GAT,73.25,80.44,88.01,90.04,91.33,92.25,78.94,73.25,80.44,88.01,90.04,91.33,92.25,96.83,97.57,83.58,0.01,1024,32,128,8,0.1,0.0,5,10000
cora_runziu5z0zo_GAT,80.44,80.44,88.01,90.04,91.33,92.25,82.39,80.44,80.44,88.01,90.04,91.33,92.25,96.83,97.56,85.06,0.01,1024,32,128,8,0.2,0.0,5,10000
cora_run6ei5uu30_GAT,73.25,80.44,88.01,90.04,91.33,92.25,78.94,73.25,80.44,88.01,90.04,91.33,92.25,96.83,97.57,83.58,0.01,1024,32,128,8,0.1,0.0,6,10000
cora_runmusxul9j_GAT,80.44,80.44,88.01,90.04,91.33,92.25,82.39,80.44,80.44,88.01,90.04,91.33,92.25,96.83,97.56,85.06,0.01,1024,32,128,8,0.2,0.0,6,10000
cora_runpp6j47lx_GAT,73.25,80.44,88.01,90.04,91.33,92.25,78.94,73.25,80.44,88.01,90.04,91.33,92.25,96.83,97.57,83.58,0.01,1024,32,128,8,0.1,0.0,7,10000
cora_runhbro7p1r_GAT,80.44,80.44,88.01,90.04,91.33,92.25,82.39,80.44,80.44,88.01,90.04,91.33,92.25,96.83,97.56,85.06,0.01,1024,32,128,8,0.2,0.0,7,10000
cora_runwy8pwxa6_GAT,73.25,80.44,88.01,90.04,91.33,92.25,78.94,73.25,80.44,88.01,90.04,91.33,92.25,96.83,97.57,83.58,0.01,1024,32,128,8,0.1,0.1,5,10000
cora_run7u2s7bs9_GAT,80.44,80.44,88.01,90.04,91.33,92.25,82.39,80.44,80.44,88.01,90.04,91.33,92.25,96.83,97.56,85.06,0.01,1024,32,128,8,0.2,0.1,5,10000
cora_rungei8ar02_GAT,73.25,80.44,88.01,90.04,91.33,92.25,78.94,73.25,80.44,88.01,90.04,91.33,92.25,96.83,97.57,83.58,0.01,1024,32,128,8,0.1,0.1,6,10000
cora_rundwn60r4f_GAT,80.44,80.44,88.01,90.04,91.33,92.25,82.39,80.44,80.44,88.01,90.04,91.33,92.25,96.83,97.56,85.06,0.01,1024,32,128,8,0.2,0.1,6,10000
cora_runsq5cbw2c_GAT,80.44,80.44,88.01,90.04,91.33,92.25,82.4,80.44,80.44,88.01,90.04,91.33,92.25,96.83,97.57,83.58,0.01,1024,32,128,8,0.1,0.1,7,10000
cora_runprtamp4d_GAT,80.44,80.44,88.01,90.04,91.33,92.25,82.39,80.44,80.44,88.01,90.04,91.33,92.25,96.83,97.56,85.06,0.01,1024,32,128,8,0.2,0.1,7,10000
cora_run5db6h4gm_GAT,80.44,80.44,88.01,90.04,91.33,92.25,82.4,80.44,80.44,88.01,90.04,91.33,92.25,96.83,97.57,83.58,0.01,1024,32,128,8,0.2,0.0,5,10000
cora_run7829nd5x_GAT,80.44,80.44,88.01,90.04,91.33,92.25,82.39,80.44,80.44,88.01,90.04,91.33,92.25,96.83,97.56,85.06,0.01,1024,32,256,4,0.1,0.0,5,10000
cora_rune7u5tahg_GAT,80.44,80.44,88.01,90.04,91.33,92.25,82.4,80.44,80.44,88.01,90.04,91.33,92.25,96.83,97.57,83.58,0.01,1024,32,128,8,0.2,0.0,6,10000
cora_runuej1s24u_GAT,80.44,80.44,88.01,90.04,91.33,92.25,82.39,80.44,80.44,88.01,90.04,91.33,92.25,96.83,97.56,85.06,0.01,1024,32,256,4,0.1,0.0,6,10000
cora_runv2g3prem_GAT,80.44,80.44,88.01,90.04,91.33,92.25,82.4,80.44,80.44,88.01,90.04,91.33,92.25,96.83,97.57,83.58,0.01,1024,32,128,8,0.2,0.0,7,10000
cora_runa8w4jlie_GAT,80.44,80.44,88.01,90.04,91.33,92.25,82.39,80.44,80.44,88.01,90.04,91.33,92.25,96.83,97.56,85.06,0.01,1024,32,256,4,0.1,0.0,7,10000
cora_runinrg5ahd_GAT,80.44,80.44,88.01,90.04,91.33,92.25,82.4,80.44,80.44,88.01,90.04,91.33,92.25,96.83,97.57,83.58,0.01,1024,32,128,8,0.2,0.1,5,10000
cora_run2owo6wu9_GAT,80.44,80.44,88.01,90.04,91.33,92.25,82.39,80.44,80.44,88.01,90.04,91.33,92.25,96.83,97.56,85.06,0.01,1024,32,256,4,0.1,0.1,5,10000
cora_runaxo430gw_GAT,80.44,80.44,88.01,90.04,91.33,92.25,82.4,80.44,80.44,88.01,90.04,91.33,92.25,96.83,97.57,83.58,0.01,1024,32,128,8,0.2,0.1,6,10000
cora_runo7cei1ka_GAT,80.44,80.44,88.01,90.04,91.33,92.25,82.39,80.44,80.44,88.01,90.04,91.33,92.25,96.83,97.56,85.06,0.01,1024,32,256,4,0.1,0.1,6,10000
cora_runnrnbkra7_GAT,80.44,80.44,88.01,90.04,91.33,92.25,82.4,80.44,80.44,88.01,90.04,91.33,92.25,96.83,97.57,83.58,0.01,1024,32,128,8,0.2,0.1,7,10000
cora_runkgqoaufr_GAT,80.44,80.44,88.01,90.04,91.33,92.25,82.39,80.44,80.44,88.01,90.04,91.33,92.25,96.83,97.56,85.06,0.01,1024,32,256,4,0.1,0.1,7,10000
cora_runaxwf7toq_GAT,80.44,80.44,88.01,90.04,91.33,92.25,82.4,80.44,80.44,88.01,90.04,91.33,92.25,96.83,97.57,83.58,0.01,1024,32,256,4,0.1,0.0,5,10000
cora_runlsjhulko_GAT,80.44,80.44,88.01,90.04,91.33,92.25,82.39,80.44,80.44,88.01,90.04,91.33,92.25,96.83,97.56,87.45,0.01,1024,32,256,4,0.2,0.0,5,10000
cora_runpx2c2nab_GAT,80.44,80.44,88.01,90.04,91.33,92.25,82.4,80.44,80.44,88.01,90.04,91.33,92.25,96.83,97.57,83.58,0.01,1024,32,256,4,0.1,0.0,6,10000
cora_rundf8mugit_GAT,80.44,80.44,88.01,90.04,91.33,92.25,82.39,80.44,80.44,88.01,90.04,91.33,92.25,96.83,97.56,87.45,0.01,1024,32,256,4,0.2,0.0,6,10000
cora_runlf4m5hyu_GAT,80.44,80.44,88.01,90.04,91.33,92.25,82.4,80.44,80.44,88.01,90.04,91.33,92.25,96.83,97.57,83.58,0.01,1024,32,256,4,0.1,0.0,7,10000
cora_runpvozwpec_GAT,80.44,80.44,88.01,90.04,91.33,92.25,82.39,80.44,80.44,88.01,90.04,91.33,92.25,96.83,97.56,87.45,0.01,1024,32,256,4,0.2,0.0,7,10000
cora_run0e7x97vr_GAT,80.44,80.44,88.01,90.04,91.33,92.25,82.4,80.44,80.44,88.01,90.04,91.33,92.25,96.83,97.57,83.58,0.01,1024,32,256,4,0.1,0.1,5,10000
cora_run09xmcuri_GAT,80.44,80.44,88.01,90.04,91.33,92.25,82.39,80.44,80.44,88.01,90.04,91.33,92.25,96.83,97.56,87.45,0.01,1024,32,256,4,0.2,0.1,5,10000
cora_runo839icbj_GAT,80.44,80.44,88.01,90.04,91.33,92.25,82.4,80.44,80.44,88.01,90.04,91.33,92.25,96.83,97.57,83.58,0.01,1024,32,256,4,0.1,0.1,6,10000
cora_runcyg9539e_GAT,80.44,80.44,88.01,90.04,91.33,92.25,82.39,80.44,80.44,88.01,90.04,91.33,92.25,96.83,97.56,87.45,0.01,1024,32,256,4,0.2,0.1,6,10000
cora_rundeie5tti_GAT,80.44,80.44,88.01,90.04,91.33,92.25,82.4,80.44,80.44,88.01,90.04,91.33,92.25,96.83,97.57,83.58,0.01,1024,32,256,4,0.1,0.1,7,10000
cora_rungmg2hcnc_GAT,80.44,80.44,88.01,90.04,91.33,92.25,82.39,80.44,80.44,88.01,90.04,91.33,92.25,96.83,97.56,87.45,0.01,1024,32,256,4,0.2,0.1,7,10000
cora_runpv1ijfoc_GAT,80.44,80.44,88.01,90.04,91.33,92.25,82.4,80.44,80.44,88.01,90.04,91.33,92.25,96.83,97.57,87.45,0.01,1024,32,256,4,0.2,0.0,5,10000
cora_runk9zq9n4i_GAT,80.44,80.44,88.01,90.04,91.33,92.25,82.39,80.44,80.44,88.01,90.04,91.33,92.25,96.83,97.56,87.45,0.01,1024,32,256,2,0.1,0.0,5,10000
cora_runz91pyzip_GAT,80.44,80.44,88.01,90.04,91.33,92.25,82.4,80.44,80.44,88.01,90.04,91.33,92.25,96.83,97.57,87.45,0.01,1024,32,256,4,0.2,0.0,6,10000
cora_runcs67onsc_GAT,80.44,80.44,88.01,90.04,91.33,92.25,82.39,80.44,80.44,88.01,90.04,91.33,92.25,96.83,97.38,83.3,0.01,1024,32,256,2,0.1,0.0,6,10000
cora_run9lidqw6c_GAT,80.44,80.44,88.01,90.04,91.33,92.25,82.4,80.44,80.44,88.01,90.04,91.33,92.25,96.83,97.57,87.45,0.01,1024,32,256,4,0.2,0.0,7,10000
cora_runl9tp04rj_GAT,80.44,80.44,88.01,90.04,91.33,92.25,82.39,80.44,80.44,88.01,90.04,91.33,92.25,96.83,97.38,83.3,0.01,1024,32,256,2,0.1,0.0,7,10000
cora_runmwbk1gfe_GAT,80.44,80.44,88.01,90.04,91.33,92.25,82.4,80.44,80.44,88.01,90.04,91.33,92.25,96.83,97.57,87.45,0.01,1024,32,256,4,0.2,0.1,5,10000
cora_runqv8fbz6o_GAT,80.44,80.44,88.01,90.04,91.33,92.25,82.39,80.44,80.44,88.01,90.04,91.33,92.25,96.83,97.38,83.3,0.01,1024,32,256,2,0.1,0.1,5,10000
cora_run0clb42of_GAT,80.44,80.44,88.01,90.04,91.33,92.25,82.4,80.44,80.44,88.01,90.04,91.33,92.25,96.83,97.57,87.45,0.01,1024,32,256,4,0.2,0.1,6,10000
cora_run2rzkwfw7_GAT,80.44,80.44,88.01,90.04,91.33,92.25,82.39,80.44,80.44,88.01,90.04,91.33,92.25,96.83,97.38,83.3,0.01,1024,32,256,2,0.1,0.1,6,10000
cora_run96punkzs_GAT,80.44,80.44,88.01,90.04,91.33,92.25,82.4,80.44,80.44,88.01,90.04,91.33,92.25,96.83,97.57,87.45,0.01,1024,32,256,4,0.2,0.1,7,10000
cora_run9zb36qdn_GAT,80.44,80.44,88.01,90.04,91.33,92.25,82.39,80.44,80.44,88.01,90.04,91.33,92.25,96.83,97.38,83.3,0.01,1024,32,256,2,0.1,0.1,7,10000
cora_runx3iacf1h_GAT,80.44,80.44,88.01,90.04,91.33,92.25,82.4,80.44,80.44,88.01,90.04,91.33,92.25,96.83,97.57,87.45,0.01,1024,32,256,2,0.1,0.0,5,10000
cora_runt4l190oq_GAT,80.44,80.44,88.01,90.04,91.33,92.25,82.39,80.44,80.44,88.01,90.04,91.33,92.25,96.83,97.38,83.3,0.01,1024,32,256,2,0.2,0.0,5,10000
cora_run9n28thyp_GAT,80.44,80.44,88.01,90.04,91.33,92.25,82.4,80.44,80.44,88.01,90.04,91.33,92.25,96.83,97.38,83.21,0.01,1024,32,256,2,0.1,0.0,6,10000
cora_runsyr4wqwu_GAT,80.44,80.44,88.01,90.04,91.33,92.25,82.39,80.44,80.44,88.01,90.04,91.33,92.25,96.83,97.38,83.3,0.01,1024,32,256,2,0.2,0.0,6,10000
cora_run23x3w7xa_GAT,80.44,80.44,88.01,90.04,91.33,92.25,82.4,80.44,80.44,88.01,90.04,91.33,92.25,96.83,97.38,83.21,0.01,1024,32,256,2,0.1,0.0,7,10000
cora_runmao00zt0_GAT,80.44,80.44,88.01,90.04,91.33,92.25,82.39,80.44,80.44,88.01,90.04,91.33,92.25,96.83,97.38,83.3,0.01,1024,32,256,2,0.2,0.0,7,10000
cora_runruwtua5j_GAT,80.44,80.44,88.01,90.04,91.33,92.25,82.4,80.44,80.44,88.01,90.04,91.33,92.25,96.83,97.38,83.21,0.01,1024,32,256,2,0.1,0.1,5,10000
cora_run8pv3l9zi_GAT,80.44,80.44,88.01,90.04,91.33,92.25,82.39,80.44,80.44,88.01,90.04,91.33,92.25,96.83,97.38,83.3,0.01,1024,32,256,2,0.2,0.1,5,10000
cora_runuawut6ud_GAT,80.44,80.44,88.01,90.04,91.33,92.25,82.4,80.44,80.44,88.01,90.04,91.33,92.25,96.83,97.38,83.21,0.01,1024,32,256,2,0.1,0.1,6,10000
cora_runeel5d4ew_GAT,80.44,80.44,88.01,90.04,91.33,92.25,82.4,80.44,80.44,88.01,90.04,91.33,92.25,96.83,97.38,83.21,0.01,1024,32,256,2,0.1,0.1,7,10000
cora_run5iofd7iz_GAT,80.44,80.44,88.01,90.04,91.33,92.25,82.4,80.44,80.44,88.01,90.04,91.33,92.25,96.83,97.38,83.21,0.01,1024,32,256,2,0.2,0.0,5,10000
cora_run3hvddinh_GAT,80.44,80.44,88.01,90.04,91.33,92.25,82.4,80.44,80.44,88.01,90.04,91.33,92.25,96.83,97.38,83.21,0.01,1024,32,256,2,0.2,0.0,6,10000
cora_runffz0ikjg_GAT,80.44,80.44,88.01,90.04,91.33,92.25,82.4,80.44,80.44,88.01,90.04,91.33,92.25,96.83,97.38,83.21,0.01,1024,32,256,2,0.2,0.0,7,10000
cora_runeybri6fx_GAT,80.44,80.44,88.01,90.04,91.33,92.25,82.4,80.44,80.44,88.01,90.04,91.33,92.25,96.83,97.38,83.21,0.01,1024,32,256,2,0.2,0.1,5,10000
Best,80.44,85.06,88.75,90.77,92.25,92.8,82.4,80.44,85.06,88.75,90.77,92.25,92.8,96.83,97.57,87.45,0.01,1024,32,256,8,0.2,0.1,7,10000
