Metric,Hits@1,Hits@3,Hits@10,Hits@20,Hits@50,Hits@100,MRR,mrr_hit1,mrr_hit3,mrr_hit10,mrr_hit20,mrr_hit50,mrr_hit100,AUC,AP,acc,out_channels,hidden_channels,heads,negative_slope,dropout,num_layers,batch_size,base_lr
cora_runh04wiwd3_GAT,11.81,58.86,71.4,85.98,91.33,92.62,61.05,11.81,58.86,71.4,85.98,91.33,92.62,95.86,96.6,82.75,128,32,4,0.2,0,2,1024.0,0.01
cora_runfc1hy1vz_GAT,38.01,58.86,71.4,85.98,91.33,92.62,61.05,38.01,58.86,71.4,85.98,91.33,92.62,95.86,96.6,84.96,128,32,4,0.2,0,2,1024.0,0.008
cora_runbmldlbxf_GAT,38.01,58.86,71.4,85.98,91.33,92.62,61.05,38.01,58.86,71.4,85.98,91.33,92.62,95.86,96.6,84.96,128,32,4,0.2,0,2,1024.0,0.007
cora_runb9qi577e_GAT,69.74,74.35,79.34,89.3,92.25,92.8,73.83,69.74,74.35,79.34,89.3,92.25,92.8,96.61,97.33,82.93,128,32,4,0.2,0,2,1024.0,0.015
cora_run9qcuh4yl_GAT,76.01,85.61,88.56,91.14,91.7,92.25,80.5,76.01,85.61,88.56,91.14,91.7,92.25,96.09,97.31,86.72,128,32,4,0.2,0,2,1024.0,0.1
cora_run8jmyvr5q_GAT,76.01,85.61,88.56,91.14,91.7,92.25,80.5,76.01,85.61,88.56,91.14,91.7,92.25,96.09,97.31,86.72,128,32,4,0.2,0,2,1024.0,0.001
cora_runmnw8doh1_GAT,76.01,85.61,88.56,91.14,91.7,92.25,80.5,76.01,85.61,88.56,91.14,91.7,92.25,96.09,97.31,86.72,128,32,4,0.2,0,2,2048.0,0.01
cora_runoor6war1_GAT,76.01,85.61,88.56,91.14,91.7,92.25,80.5,76.01,85.61,88.56,91.14,91.7,92.25,96.09,97.31,86.72,128,32,4,0.2,0,2,2048.0,0.008
cora_runk4bez12t_GAT,76.01,85.61,88.56,91.14,91.7,92.25,80.5,76.01,85.61,88.56,91.14,91.7,92.25,96.09,97.31,86.72,128,32,4,0.2,0,2,2048.0,0.007
cora_run5ac5ou99_GAT,76.01,85.61,88.56,91.14,91.7,92.25,80.5,76.01,85.61,88.56,91.14,91.7,92.25,96.56,97.31,86.72,128,32,4,0.2,0,2,2048.0,0.015
cora_run5g718itc_GAT,76.01,85.61,88.56,90.59,91.14,92.07,80.5,76.01,85.61,88.56,90.59,91.14,92.07,96.56,97.31,84.96,128,32,4,0.2,0,2,2048.0,0.1
cora_runrfhjsoto_GAT,76.01,85.61,88.56,90.59,91.14,92.07,80.5,76.01,85.61,88.56,90.59,91.14,92.07,96.56,97.31,84.96,128,32,4,0.2,0,2,2048.0,0.001
cora_run0y495yzt_GAT,76.01,85.61,88.56,90.59,91.14,92.07,80.5,76.01,85.61,88.56,90.59,91.14,92.07,96.56,97.31,84.96,128,32,4,0.2,0,2,8192.0,0.01
cora_runm2cgmarm_GAT,76.01,85.61,88.56,90.59,91.14,92.07,80.5,76.01,85.61,88.56,90.59,91.14,92.07,96.56,97.31,84.96,128,32,4,0.2,0,2,8192.0,0.008
cora_rund998ne86_GAT,76.01,85.61,88.56,90.59,91.14,92.07,80.5,76.01,85.61,88.56,90.59,91.14,92.07,96.56,97.31,84.96,128,32,4,0.2,0,2,8192.0,0.007
cora_runku8fpdhq_GAT,76.01,85.61,88.56,90.59,91.14,92.07,80.5,76.01,85.61,88.56,90.59,91.14,92.07,96.56,97.31,84.96,128,32,4,0.2,0,2,8192.0,0.015
cora_run7yotybcz_GAT,76.01,85.61,88.93,90.59,91.14,92.07,80.5,76.01,85.61,88.93,90.59,91.14,92.07,96.56,97.35,84.96,128,32,4,0.2,0,2,8192.0,0.1
cora_runyg3b9del_GAT,76.01,85.61,88.93,90.59,91.14,92.07,80.5,76.01,85.61,88.93,90.59,91.14,92.07,96.56,97.35,84.96,128,32,4,0.2,0,2,8192.0,0.001
cora_runkogpr4jr_GAT,76.01,85.61,88.93,90.59,91.14,92.07,80.5,76.01,85.61,88.93,90.59,91.14,92.07,96.56,97.35,84.96,128,32,4,0.2,0,2,16384.0,0.01
cora_runb4fv1ms4_GAT,76.01,85.61,88.93,90.59,91.14,92.07,80.5,76.01,85.61,88.93,90.59,91.14,92.07,96.56,97.35,84.96,128,32,4,0.2,0,2,16384.0,0.008
cora_runuy2g6oqx_GAT,76.01,85.61,88.93,90.59,91.14,92.07,80.5,76.01,85.61,88.93,90.59,91.14,92.07,96.56,97.35,84.96,128,32,4,0.2,0,2,16384.0,0.007
cora_run3umlr2ey_GAT,76.01,85.61,88.93,90.59,91.14,92.07,80.5,76.01,85.61,88.93,90.59,91.14,92.07,96.56,97.35,84.96,128,32,4,0.2,0,2,16384.0,0.015
cora_run55tuf063_GAT,76.57,85.61,88.93,90.59,91.14,92.62,80.5,76.57,85.61,88.93,90.59,91.14,92.62,96.56,97.52,87.55,128,32,4,0.2,0,2,16384.0,0.1
cora_run93sbst6c_GAT,76.57,85.61,88.93,90.59,91.14,92.62,80.5,76.57,85.61,88.93,90.59,91.14,92.62,96.56,97.52,87.55,128,32,4,0.2,0,2,16384.0,0.001
cora_run8yh21pbn_GAT,84.69,88.75,90.41,91.33,91.7,92.44,88.66,84.69,88.75,90.41,91.33,91.7,92.44,96.53,97.41,89.39,128,32,4,0.2,0,2,1024.0,0.01
cora_runxq1mxrsb_GAT,71.96,85.24,90.41,91.33,91.7,92.44,85.48,71.96,85.24,90.41,91.33,91.7,92.44,96.53,97.41,89.39,128,32,4,0.2,0,2,1024.0,0.008
cora_run8cckwwf4_GAT,71.96,85.06,90.41,91.33,91.7,92.44,76.96,71.96,85.06,90.41,91.33,91.7,92.44,96.53,97.41,89.39,128,32,4,0.2,0,2,1024.0,0.007
cora_runpr30aht4_GAT,82.1,88.38,90.41,91.14,92.44,92.25,86.08,82.1,88.38,90.41,91.14,92.44,92.25,96.3,97.37,89.39,128,32,4,0.2,0,2,1024.0,0.015
cora_runmxwc3hdk_GAT,87.64,86.72,90.22,90.96,92.44,92.25,88.27,87.64,86.72,90.22,90.96,92.44,92.25,96.3,97.37,89.39,128,32,4,0.2,0,2,1024.0,0.1
cora_runmtl3a5tf_GAT,87.64,86.72,90.22,90.96,92.44,92.25,88.27,87.64,86.72,90.22,90.96,92.44,92.25,96.3,97.37,89.39,128,32,4,0.2,0,2,1024.0,0.001
cora_runehk291f8_GAT,87.64,86.72,90.22,92.07,92.44,92.62,88.27,87.64,86.72,90.22,92.07,92.44,92.62,96.65,97.58,89.39,128,32,4,0.2,0,2,2048.0,0.01
cora_runehkkmqbs_GAT,87.64,86.72,90.22,92.07,92.44,92.62,88.27,87.64,86.72,90.22,92.07,92.44,92.62,96.65,97.58,89.39,128,32,4,0.2,0,2,2048.0,0.008
cora_run5ycz9sgj_GAT,87.64,86.72,90.22,92.07,92.44,92.62,88.27,87.64,86.72,90.22,92.07,92.44,92.62,96.65,97.58,89.39,128,32,4,0.2,0,2,2048.0,0.007
cora_runt0y5z15r_GAT,87.64,86.72,90.22,92.07,92.44,92.62,88.27,87.64,86.72,90.22,92.07,92.44,92.62,96.65,97.58,91.14,128,32,4,0.2,0,2,2048.0,0.015
cora_rundnat6m83_GAT,86.53,86.72,90.22,92.07,92.44,92.62,88.13,86.53,86.72,90.22,92.07,92.44,92.62,96.65,97.57,91.14,128,32,4,0.2,0,2,2048.0,0.1
cora_runexzvy9zw_GAT,86.53,86.72,90.22,92.07,92.44,92.62,88.13,86.53,86.72,90.22,92.07,92.44,92.62,96.65,97.57,91.14,128,32,4,0.2,0,2,2048.0,0.001
cora_runqkbvnpmq_GAT,86.53,86.72,90.22,92.07,92.44,92.62,88.13,86.53,86.72,90.22,92.07,92.44,92.62,96.64,97.57,91.14,128,32,4,0.2,0,2,8192.0,0.01
cora_run46w8zhoe_GAT,86.53,86.72,90.22,92.07,92.44,92.62,88.13,86.53,86.72,90.22,92.07,92.44,92.62,96.64,97.57,91.14,128,32,4,0.2,0,2,8192.0,0.008
cora_runbvju43o2_GAT,86.53,86.72,90.22,92.07,92.44,92.62,88.13,86.53,86.72,90.22,92.07,92.44,92.62,96.64,97.57,91.14,128,32,4,0.2,0,2,8192.0,0.007
cora_runrqx355im_GAT,86.53,86.72,90.22,92.07,92.44,92.62,88.13,86.53,86.72,90.22,92.07,92.44,92.62,96.64,97.57,91.14,128,32,4,0.2,0,2,8192.0,0.015
cora_run4hgqho4w_GAT,87.64,86.72,90.22,92.07,92.44,92.62,88.13,87.64,86.72,90.22,92.07,92.44,92.62,96.64,97.57,91.14,128,32,4,0.2,0,2,8192.0,0.1
cora_runtcjwtj5q_GAT,87.64,86.72,90.22,92.07,92.44,92.62,88.13,87.64,86.72,90.22,92.07,92.44,92.62,96.64,97.57,91.14,128,32,4,0.2,0,2,8192.0,0.001
cora_runyhb76h4j_GAT,87.64,86.72,90.22,92.07,92.44,92.62,88.13,87.64,86.72,90.22,92.07,92.44,92.62,96.64,97.57,91.14,128,32,4,0.2,0,2,16384.0,0.01
cora_run93koyusr_GAT,87.64,86.72,90.22,92.07,92.44,92.62,88.13,87.64,86.72,90.22,92.07,92.44,92.62,96.64,97.57,91.14,128,32,4,0.2,0,2,16384.0,0.008
cora_runlzo56lcy_GAT,87.64,86.72,90.22,92.07,92.44,92.62,88.13,87.64,86.72,90.22,92.07,92.44,92.62,96.64,97.57,91.14,128,32,4,0.2,0,2,16384.0,0.007
cora_runr7q0u7kg_GAT,87.64,86.72,90.22,92.07,92.25,92.62,88.13,87.64,86.72,90.22,92.07,92.25,92.62,96.64,97.57,88.65,128,32,4,0.2,0,2,16384.0,0.015
cora_run703v6slt_GAT,87.27,86.72,90.22,92.07,92.25,92.62,88.12,87.27,86.72,90.22,92.07,92.25,92.62,96.64,97.57,88.65,128,32,4,0.2,0,2,16384.0,0.1
cora_runl3jh6kez_GAT,87.27,86.72,90.22,92.07,92.25,92.62,88.12,87.27,86.72,90.22,92.07,92.25,92.62,96.64,97.57,88.65,128,32,4,0.2,0,2,16384.0,0.001
cora_runzq8t72l3_GAT,84.32,88.56,90.41,91.33,92.25,92.44,81.87,84.32,88.56,90.41,91.33,92.25,92.44,96.47,97.49,84.87,64,64,4,0.1,0,2,16384.0,0.015
cora_run9maevcg0_GAT,76.94,86.9,90.41,91.33,92.25,92.44,83.06,76.94,86.9,90.41,91.33,92.25,92.44,96.47,97.49,84.87,64,64,2,0.1,0,2,16384.0,0.015
cora_runtqkxcv87_GAT,76.94,86.9,90.41,91.33,91.51,91.88,83.06,76.94,86.9,90.41,91.33,91.51,91.88,96.47,97.49,84.87,64,64,8,0.1,0,2,16384.0,0.015
cora_runarjj8odd_GAT,76.94,86.9,90.41,91.33,91.51,91.88,83.06,76.94,86.9,90.41,91.33,91.51,91.88,96.47,97.49,84.87,64,64,16,0.1,0,2,16384.0,0.015
cora_run5xlsgm8r_GAT,76.94,86.35,90.22,91.33,91.51,91.88,83.06,76.94,86.35,90.22,91.33,91.51,91.88,96.47,97.33,84.87,64,128,4,0.1,0,2,16384.0,0.015
cora_run08c1ieju_GAT,81.0,90.41,90.96,91.14,92.07,92.25,89.16,81.0,90.41,90.96,91.14,92.07,92.25,96.37,97.53,92.99,256,256,4,0.1,0,2,16384.0,0.015
cora_run5ldtuz8w_GAT,84.69,78.97,90.22,91.33,91.51,91.88,86.11,84.69,78.97,90.22,91.33,91.51,91.88,96.39,97.48,84.87,64,128,2,0.1,0,2,16384.0,0.015
cora_runyoch86rq_GAT,81.0,90.41,90.96,91.14,92.07,92.25,89.16,81.0,90.41,90.96,91.14,92.07,92.25,96.37,97.53,92.99,256,256,4,0.1,0,3,16384.0,0.015
cora_runbzcdzv9g_GAT,84.69,78.97,90.22,90.96,91.51,91.88,86.11,84.69,78.97,90.22,90.96,91.51,91.88,96.39,97.48,84.87,64,128,8,0.1,0,2,16384.0,0.015
cora_runzjebt811_GAT,90.22,90.41,90.96,91.14,92.07,92.07,90.52,90.22,90.41,90.96,91.14,92.07,92.07,96.37,97.53,92.99,256,256,4,0.1,0,4,16384.0,0.015
cora_run8ucqr7kd_GAT,84.69,78.97,90.41,91.88,91.51,91.88,86.11,84.69,78.97,90.41,91.88,91.51,91.88,96.39,97.32,84.87,64,128,16,0.1,0,2,16384.0,0.015
cora_runmli2a3h8_GAT,90.22,90.41,90.96,91.14,92.07,92.62,90.52,90.22,90.41,90.96,91.14,92.07,92.62,96.5,97.65,92.99,256,256,4,0.1,0,5,16384.0,0.015
cora_runcyh6uhff_GAT,84.69,84.69,90.41,91.88,91.51,91.88,86.11,84.69,84.69,90.41,91.88,91.51,91.88,96.39,97.32,84.87,64,256,4,0.1,0,2,16384.0,0.015
cora_runhqzp9t0v_GAT,90.22,90.41,90.96,91.14,92.07,92.62,90.52,90.22,90.41,90.96,91.14,92.07,92.62,96.28,97.65,92.99,256,256,4,0.1,0,6,16384.0,0.015
cora_runufso4wym_GAT,84.69,84.69,90.41,91.88,91.51,91.88,86.11,84.69,84.69,90.41,91.88,91.51,91.88,96.39,97.32,84.87,64,256,2,0.1,0,2,16384.0,0.015
cora_run7qbmz5bg_GAT,87.08,90.41,90.96,91.14,92.07,92.62,90.52,87.08,90.41,90.96,91.14,92.07,92.62,96.28,97.65,92.99,256,256,4,0.1,0,7,16384.0,0.015
cora_runa2ecghvx_GAT,84.69,84.69,90.41,91.88,91.51,91.88,86.11,84.69,84.69,90.41,91.88,91.51,91.88,96.39,97.32,84.87,64,256,8,0.1,0,2,16384.0,0.015
cora_run9mhl1abs_GAT,87.08,90.41,90.96,91.14,92.07,92.62,90.52,87.08,90.41,90.96,91.14,92.07,92.62,96.28,97.65,92.99,256,256,2,0.1,0,2,16384.0,0.015
cora_run8swdigqd_GAT,84.69,84.69,90.41,91.88,91.51,91.88,86.11,84.69,84.69,90.41,91.88,91.51,91.88,96.39,97.32,84.87,64,256,16,0.1,0,2,16384.0,0.015
cora_runwzghr9b9_GAT,87.08,90.41,90.96,91.14,92.07,92.62,90.52,87.08,90.41,90.96,91.14,92.07,92.62,96.28,97.65,92.99,256,256,2,0.1,0,3,16384.0,0.015
cora_runytw191xt_GAT,84.69,89.48,90.77,91.88,91.51,91.88,86.11,84.69,89.48,90.77,91.88,91.51,91.88,96.39,97.32,89.02,128,64,4,0.1,0,2,16384.0,0.015
cora_runjoqyik6l_GAT,87.08,90.41,90.22,91.33,91.51,92.25,90.52,87.08,90.41,90.22,91.33,91.51,92.25,96.28,97.65,92.99,256,256,2,0.1,0,4,16384.0,0.015
cora_runrorhl9fz_GAT,72.88,89.48,90.77,91.88,91.51,91.88,81.17,72.88,89.48,90.77,91.88,91.51,91.88,96.39,97.32,90.22,128,64,2,0.1,0,2,16384.0,0.015
cora_runf5xill1h_GAT,87.08,90.41,90.22,91.33,91.51,92.25,90.52,87.08,90.41,90.22,91.33,91.51,92.25,96.28,97.65,92.99,256,256,2,0.1,0,5,16384.0,0.015
cora_rundv93l7pl_GAT,72.88,89.48,90.77,91.88,91.51,91.88,81.17,72.88,89.48,90.77,91.88,91.51,91.88,96.39,97.32,90.22,128,64,8,0.1,0,2,16384.0,0.015
cora_runf72y4f1f_GAT,87.08,90.41,90.22,91.33,91.51,92.25,90.52,87.08,90.41,90.22,91.33,91.51,92.25,96.28,97.65,92.99,256,256,2,0.1,0,6,16384.0,0.015
cora_run8x79fx6q_GAT,72.88,89.48,90.77,91.88,91.51,91.88,81.17,72.88,89.48,90.77,91.88,91.51,91.88,96.39,97.32,90.22,128,64,16,0.1,0,2,16384.0,0.015
cora_run60hqtxw8_GAT,87.08,90.41,90.22,91.33,91.51,92.25,90.52,87.08,90.41,90.22,91.33,91.51,92.25,96.28,97.65,92.99,256,256,2,0.1,0,7,16384.0,0.015
cora_runf7sjhvgt_GAT,72.88,89.48,90.77,91.88,91.51,91.88,81.17,72.88,89.48,90.77,91.88,91.51,91.88,96.39,97.32,90.22,128,128,4,0.1,0,2,16384.0,0.015
cora_run1lopfi3t_GAT,87.08,90.41,90.22,91.33,91.51,92.25,90.52,87.08,90.41,90.22,91.33,91.51,92.25,96.28,97.65,92.99,256,256,8,0.1,0,2,16384.0,0.015
cora_run1q0r86o1_GAT,72.88,89.48,90.77,91.88,91.51,91.88,81.17,72.88,89.48,90.77,91.88,91.51,91.88,96.39,97.32,90.22,128,128,2,0.1,0,2,16384.0,0.015
cora_runp3m5lmyy_GAT,87.08,90.41,90.22,91.33,91.51,92.25,90.52,87.08,90.41,90.22,91.33,91.51,92.25,96.28,97.65,92.99,256,256,8,0.1,0,3,16384.0,0.015
cora_run4wq8mlev_GAT,72.88,89.48,91.33,91.88,91.51,91.88,81.17,72.88,89.48,91.33,91.88,91.51,91.88,96.39,97.32,92.9,128,128,8,0.1,0,2,16384.0,0.015
cora_runvdigifze_GAT,87.08,90.41,90.22,91.33,91.51,92.25,90.52,87.08,90.41,90.22,91.33,91.51,92.25,96.67,97.65,92.99,256,256,8,0.1,0,4,16384.0,0.015
cora_runhx7isdna_GAT,72.88,89.48,91.33,91.88,91.51,91.88,81.17,72.88,89.48,91.33,91.88,91.51,91.88,96.39,97.32,92.9,128,128,16,0.1,0,2,16384.0,0.015
cora_runevs34w9d_GAT,87.08,90.41,90.22,91.33,91.51,92.25,90.52,87.08,90.41,90.22,91.33,91.51,92.25,96.67,97.65,92.99,256,256,8,0.1,0,5,16384.0,0.015
cora_runtzzs81ul_GAT,72.88,89.48,91.33,91.88,91.51,91.88,81.17,72.88,89.48,91.33,91.88,91.51,91.88,96.39,97.32,92.9,128,256,4,0.1,0,2,16384.0,0.015
cora_runfprn5kk2_GAT,87.08,90.41,90.22,91.33,91.51,92.25,90.52,87.08,90.41,90.22,91.33,91.51,92.25,96.67,97.65,92.99,256,256,8,0.1,0,6,16384.0,0.015
cora_runovcpvvm6_GAT,72.88,89.48,90.41,91.88,91.51,91.88,81.17,72.88,89.48,90.41,91.88,91.51,91.88,96.39,97.32,92.9,128,256,2,0.1,0,2,16384.0,0.015
cora_runujq2pyl5_GAT,87.08,90.41,90.22,91.33,91.51,92.25,90.52,87.08,90.41,90.22,91.33,91.51,92.25,96.67,97.65,89.67,256,256,8,0.1,0,7,16384.0,0.015
cora_run1uco9dq3_GAT,72.88,89.48,90.41,91.51,91.51,91.88,81.17,72.88,89.48,90.41,91.51,91.51,91.88,96.39,97.32,92.9,128,256,8,0.1,0,2,16384.0,0.015
cora_runwtijlmdu_GAT,87.08,90.41,90.22,91.33,91.51,92.44,90.52,87.08,90.41,90.22,91.33,91.51,92.44,96.67,97.65,89.67,256,256,16,0.1,0,2,16384.0,0.015
cora_runj3cnwqns_GAT,72.88,89.48,90.41,91.51,91.51,91.88,81.17,72.88,89.48,90.41,91.51,91.51,91.88,96.39,97.32,92.9,128,256,16,0.1,0,2,16384.0,0.015
cora_runc8jis6tc_GAT,87.08,90.41,90.22,91.33,91.51,92.44,90.52,87.08,90.41,90.22,91.33,91.51,92.44,96.67,97.65,89.67,256,256,16,0.1,0,3,16384.0,0.015
cora_run8n627iw4_GAT,72.88,89.85,90.96,91.51,91.51,91.88,81.17,72.88,89.85,90.96,91.51,91.51,91.88,96.39,97.32,93.45,256,64,4,0.1,0,2,16384.0,0.015
cora_run3dnzc6f9_GAT,88.38,90.41,90.22,91.33,91.51,92.44,89.21,88.38,90.41,90.22,91.33,91.51,92.44,96.67,97.65,89.67,256,256,16,0.1,0,4,16384.0,0.015
cora_run30r22x12_GAT,72.88,89.85,90.96,91.51,91.51,91.88,81.17,72.88,89.85,90.96,91.51,91.51,91.88,96.39,97.32,93.45,256,64,2,0.1,0,2,16384.0,0.015
cora_run9eqmqoff_GAT,88.38,90.41,90.22,91.33,91.51,92.44,89.21,88.38,90.41,90.22,91.33,91.51,92.44,96.67,97.65,89.67,256,256,16,0.1,0,5,16384.0,0.015
cora_runet8cioo2_GAT,72.88,89.85,90.96,91.51,91.51,91.88,81.17,72.88,89.85,90.96,91.51,91.51,91.88,96.39,97.32,93.45,256,64,8,0.1,0,2,16384.0,0.015
cora_run07nw1tg5_GAT,88.38,90.41,90.22,91.33,91.51,92.44,89.21,88.38,90.41,90.22,91.33,91.51,92.44,96.67,97.65,89.67,256,256,16,0.1,0,6,16384.0,0.015
cora_runhlkd1nc3_GAT,72.88,89.85,90.96,91.51,91.51,91.88,81.17,72.88,89.85,90.96,91.51,91.51,91.88,96.39,97.32,93.45,256,64,16,0.1,0,2,16384.0,0.015
cora_runi8qnryia_GAT,88.38,90.41,90.22,91.33,91.51,92.44,89.21,88.38,90.41,90.22,91.33,91.51,92.44,96.67,97.65,89.67,256,256,16,0.1,0,7,16384.0,0.015
cora_run3gnwp13d_GAT,72.88,89.85,90.96,91.51,91.51,91.88,81.17,72.88,89.85,90.96,91.51,91.51,91.88,96.39,97.32,93.45,256,128,4,0.1,0,2,16384.0,0.015
cora_runt309ntm4_GAT,72.88,89.48,90.96,91.51,91.51,91.88,81.17,72.88,89.48,90.96,91.51,91.51,91.88,96.39,97.32,93.45,256,128,2,0.1,0,2,16384.0,0.015
cora_runyyj426k0_GAT,72.88,89.48,90.96,91.51,91.51,91.88,81.17,72.88,89.48,90.96,91.51,91.51,91.88,96.39,97.32,93.45,256,128,8,0.1,0,2,16384.0,0.015
cora_run0r3xdysh_GAT,72.88,89.48,90.96,91.51,91.51,91.88,81.17,72.88,89.48,90.96,91.51,91.51,91.88,96.39,97.32,93.45,256,128,16,0.1,0,2,16384.0,0.015
cora_runbofvqsoq_GAT,72.88,89.48,90.96,91.51,91.51,91.88,81.17,72.88,89.48,90.96,91.51,91.51,91.88,96.39,97.32,93.45,256,256,4,0.1,0,2,16384.0,0.015
cora_runkhq92v07_GAT,72.88,89.48,90.96,91.51,91.51,91.88,89.77,72.88,89.48,90.96,91.51,91.51,91.88,96.39,97.32,91.24,256,256,2,0.1,0,2,16384.0,0.015
cora_runbmjrfszs_GAT,72.88,89.48,90.96,91.51,91.51,91.88,88.81,72.88,89.48,90.96,91.51,91.51,91.88,96.39,97.32,91.24,256,256,8,0.1,0,2,16384.0,0.015
cora_run6ei28bj8_GAT,72.88,89.48,90.96,91.51,91.51,91.88,88.81,72.88,89.48,90.96,91.51,91.51,91.88,96.39,97.32,91.24,256,256,16,0.1,0,2,16384.0,0.015
cora_runn2xjrkuf_GAT,84.69,88.75,90.41,91.51,92.25,92.44,81.87,84.69,88.75,90.41,91.51,92.25,92.44,96.44,97.48,84.69,64,64,4,0.1,0,5,,0.015
cora_runhq4qoxgh_GAT,74.91,86.72,89.67,91.51,92.25,92.44,81.97,74.91,86.72,89.67,91.51,92.25,92.44,96.44,97.48,84.69,64,64,4,0.1,0,6,,0.015
cora_runps8iuo9t_GAT,74.91,86.72,90.22,91.51,91.51,91.88,81.97,74.91,86.72,90.22,91.51,91.51,91.88,96.44,97.48,84.69,64,64,4,0.1,0,7,,0.015
cora_runff3ahjqw_GAT,74.91,87.45,90.22,91.7,91.51,91.88,81.97,74.91,87.45,90.22,91.7,91.51,91.88,96.44,97.48,84.69,64,64,2,0.1,0,5,,0.015
cora_runsr12jzal_GAT,74.91,87.08,90.59,91.7,91.51,91.88,81.97,74.91,87.08,90.59,91.7,91.51,91.88,96.44,97.26,84.69,64,64,2,0.1,0,6,,0.015
cora_run36xjcvuh_GAT,84.69,87.08,90.59,91.7,91.51,91.88,86.1,84.69,87.08,90.59,91.7,91.51,91.88,96.39,97.48,84.69,64,64,2,0.1,0,7,,0.015
cora_run6bb65hm2_GAT,84.69,87.08,90.59,90.96,91.51,91.88,86.1,84.69,87.08,90.59,90.96,91.51,91.88,96.39,97.48,84.69,64,64,8,0.1,0,5,,0.015
cora_runqsl1af9d_GAT,84.69,87.08,90.41,90.96,91.51,91.88,86.1,84.69,87.08,90.41,90.96,91.51,91.88,96.39,97.31,84.69,64,64,8,0.1,0,6,,0.015
cora_run8cr3y8qy_GAT,84.69,88.01,90.41,90.96,91.51,91.88,86.1,84.69,88.01,90.41,90.96,91.51,91.88,96.39,97.31,84.69,64,64,8,0.1,0,7,,0.015
cora_runlud902gl_GAT,84.69,88.01,90.41,90.96,91.51,91.88,86.1,84.69,88.01,90.41,90.96,91.51,91.88,96.39,97.31,84.69,64,64,16,0.1,0,5,,0.015
cora_run22yb73ax_GAT,84.69,88.01,90.41,90.96,91.51,91.88,86.1,84.69,88.01,90.41,90.96,91.51,91.88,96.39,97.31,84.69,64,64,16,0.1,0,6,,0.015
cora_runrhsc7mw1_GAT,84.69,88.01,90.41,90.96,91.51,91.88,86.1,84.69,88.01,90.41,90.96,91.51,91.88,96.39,97.31,84.69,64,64,16,0.1,0,7,,0.015
cora_run94uisoos_GAT,84.69,88.01,90.41,90.96,91.51,91.88,86.1,84.69,88.01,90.41,90.96,91.51,91.88,96.39,97.31,84.69,64,128,4,0.1,0,5,,0.015
cora_run20rp020s_GAT,77.49,88.01,90.41,90.96,91.51,91.88,86.1,77.49,88.01,90.41,90.96,91.51,91.88,96.39,97.31,84.69,64,128,4,0.1,0,6,,0.015
cora_run2rpaqdcc_GAT,77.49,88.01,90.41,90.96,91.51,91.88,86.1,77.49,88.01,90.41,90.96,91.51,91.88,96.39,97.31,89.3,64,128,4,0.1,0,7,,0.015
cora_runskjgcuew_GAT,77.49,88.01,90.41,90.96,91.51,91.88,86.1,77.49,88.01,90.41,90.96,91.51,91.88,96.39,97.31,89.3,64,128,2,0.1,0,5,,0.015
cora_runp40elzt8_GAT,77.49,88.01,90.41,90.96,91.51,91.88,86.1,77.49,88.01,90.41,90.96,91.51,91.88,96.39,97.31,89.3,64,128,2,0.1,0,6,,0.015
cora_run232yks1f_GAT,77.49,88.01,90.41,90.96,91.51,91.88,86.1,77.49,88.01,90.41,90.96,91.51,91.88,96.39,97.31,89.3,64,128,2,0.1,0,7,,0.015
cora_runva1946fz_GAT,77.49,88.01,90.41,90.96,91.51,91.88,86.1,77.49,88.01,90.41,90.96,91.51,91.88,96.39,97.31,89.3,64,128,8,0.1,0,5,,0.015
cora_runq18rio40_GAT,77.49,88.01,90.41,90.96,91.51,91.88,86.1,77.49,88.01,90.41,90.96,91.51,91.88,96.39,97.31,89.3,64,128,8,0.1,0,6,,0.015
cora_run1iha1bll_GAT,77.49,88.01,90.41,90.96,91.51,91.88,86.1,77.49,88.01,90.41,90.96,91.51,91.88,96.39,97.31,89.3,64,128,8,0.1,0,7,,0.015
cora_runp498m109_GAT,77.49,88.01,90.22,90.96,91.51,91.88,86.1,77.49,88.01,90.22,90.96,91.51,91.88,96.39,97.31,89.3,64,128,16,0.1,0,5,,0.015
cora_runoqtfmjxa_GAT,77.49,88.01,90.22,91.14,91.51,91.88,86.1,77.49,88.01,90.22,91.14,91.51,91.88,96.39,97.31,89.3,64,128,16,0.1,0,6,,0.015
cora_runmvlsjjvi_GAT,77.49,88.01,90.22,91.14,91.51,91.88,86.1,77.49,88.01,90.22,91.14,91.51,91.88,96.39,97.31,89.3,64,128,16,0.1,0,7,,0.015
cora_runti457wmm_GAT,77.49,88.01,90.22,91.14,91.51,91.88,86.1,77.49,88.01,90.22,91.14,91.51,91.88,96.39,97.31,89.3,64,256,4,0.1,0,5,,0.015
cora_run34ckxdms_GAT,77.49,88.01,90.22,91.14,91.51,91.88,86.1,77.49,88.01,90.22,91.14,91.51,91.88,96.39,97.31,89.3,64,256,4,0.1,0,6,,0.015
cora_runab7onvul_GAT,77.49,88.01,90.22,91.14,91.51,91.88,86.1,77.49,88.01,90.22,91.14,91.51,91.88,96.39,97.31,89.3,64,256,4,0.1,0,7,,0.015
cora_run6nge5his_GAT,77.49,88.01,90.22,91.14,91.51,92.62,86.1,77.49,88.01,90.22,91.14,91.51,92.62,96.39,97.31,89.3,64,256,2,0.1,0,5,,0.015
cora_runimeu601k_GAT,77.49,88.01,90.22,91.14,91.51,92.62,86.1,77.49,88.01,90.22,91.14,91.51,92.62,96.39,97.31,89.3,64,256,2,0.1,0,6,,0.015
cora_runzvcwhwot_GAT,77.49,88.01,90.22,91.14,91.51,92.62,86.1,77.49,88.01,90.22,91.14,91.51,92.62,96.39,97.31,89.3,64,256,2,0.1,0,7,,0.015
cora_run1k0pjc9u_GAT,77.49,88.01,90.41,91.14,91.51,92.62,86.1,77.49,88.01,90.41,91.14,91.51,92.62,96.39,97.31,89.3,64,256,8,0.1,0,5,,0.015
cora_runv7sm8gfd_GAT,77.49,88.01,90.41,91.14,91.51,92.62,86.1,77.49,88.01,90.41,91.14,91.51,92.62,96.39,97.31,89.3,64,256,8,0.1,0,6,,0.015
cora_runtcfq3zq1_GAT,77.49,89.48,90.41,91.14,91.51,92.62,86.1,77.49,89.48,90.41,91.14,91.51,92.62,96.39,97.31,89.3,64,256,8,0.1,0,7,,0.015
cora_runfym6df4l_GAT,77.49,86.9,90.41,91.14,91.51,92.62,86.1,77.49,86.9,90.41,91.14,91.51,92.62,96.39,97.31,89.3,64,256,16,0.1,0,5,,0.015
cora_runm15ymk19_GAT,77.49,86.9,90.41,91.14,91.51,92.62,86.1,77.49,86.9,90.41,91.14,91.51,92.62,96.39,97.31,89.3,64,256,16,0.1,0,6,,0.015
cora_runq32flk7n_GAT,77.49,86.9,90.41,91.14,91.51,92.62,86.1,77.49,86.9,90.41,91.14,91.51,92.62,96.39,97.31,89.3,64,256,16,0.1,0,7,,0.015
cora_runddlu32im_GAT,77.49,86.9,90.41,91.14,91.51,92.62,86.1,77.49,86.9,90.41,91.14,91.51,92.62,96.39,97.31,89.3,64,512,4,0.1,0,5,,0.015
cora_run9sz63wxf_GAT,77.49,86.9,90.41,91.14,91.88,92.62,86.1,77.49,86.9,90.41,91.14,91.88,92.62,96.39,97.31,89.3,64,512,4,0.1,0,6,,0.015
cora_runhad379jk_GAT,77.49,86.9,90.41,91.14,91.88,92.62,86.1,77.49,86.9,90.41,91.14,91.88,92.62,96.39,97.31,89.3,64,512,4,0.1,0,7,,0.015
cora_runc3hbhjj4_GAT,77.49,86.9,90.41,91.14,91.88,92.62,86.1,77.49,86.9,90.41,91.14,91.88,92.62,96.39,97.31,89.3,64,512,2,0.1,0,5,,0.015
cora_run5re2koez_GAT,77.49,86.9,90.41,91.14,91.88,92.62,86.1,77.49,86.9,90.41,91.14,91.88,92.62,96.39,97.55,86.35,64,512,2,0.1,0,6,,0.015
cora_runwpu99i6e_GAT,85.06,86.9,90.41,91.14,91.88,92.62,86.82,85.06,86.9,90.41,91.14,91.88,92.62,96.39,97.55,86.35,64,512,2,0.1,0,7,,0.015
cora_runqm8ekp2g_GAT,85.06,86.9,90.41,91.14,91.88,92.62,86.82,85.06,86.9,90.41,91.14,91.88,92.62,96.39,97.55,86.35,64,512,8,0.1,0,5,,0.015
cora_runw2o1psfj_GAT,85.06,86.9,90.41,91.14,91.88,92.62,86.82,85.06,86.9,90.41,91.14,91.88,92.62,96.39,97.55,86.35,64,512,8,0.1,0,6,,0.015
cora_runplohnll1_GAT,85.06,86.9,90.41,91.14,91.88,92.62,86.82,85.06,86.9,90.41,91.14,91.88,92.62,96.39,97.55,86.35,64,512,8,0.1,0,7,,0.015
cora_runx6c4monk_GAT,85.06,86.9,90.41,91.14,91.88,92.62,86.82,85.06,86.9,90.41,91.14,91.88,92.62,96.39,97.55,86.35,64,512,16,0.1,0,5,,0.015
cora_run3dgp9bk3_GAT,85.06,86.9,90.41,91.14,91.88,92.62,86.82,85.06,86.9,90.41,91.14,91.88,92.62,96.39,97.55,86.35,64,512,16,0.1,0,6,,0.015
cora_run16n61027_GAT,85.06,86.9,90.41,91.14,91.88,92.62,86.82,85.06,86.9,90.41,91.14,91.88,92.62,96.39,97.55,86.35,64,512,16,0.1,0,7,,0.015
cora_run9egybav0_GAT,85.06,86.9,90.77,91.14,91.88,92.62,86.82,85.06,86.9,90.77,91.14,91.88,92.62,96.39,97.55,86.35,128,64,4,0.1,0,5,,0.015
cora_runywq37p5w_GAT,85.06,86.9,90.22,91.14,91.88,92.62,86.82,85.06,86.9,90.22,91.14,91.88,92.62,96.39,97.55,86.35,128,64,4,0.1,0,6,,0.015
cora_run7vd3alsj_GAT,85.06,86.9,90.22,91.14,91.88,92.62,86.82,85.06,86.9,90.22,91.14,91.88,92.62,96.39,97.55,89.3,128,64,4,0.1,0,7,,0.015
cora_runyb5eo84p_GAT,85.06,86.9,91.51,91.14,91.88,92.62,86.82,85.06,86.9,91.51,91.14,91.88,92.62,96.39,97.55,89.3,128,64,2,0.1,0,5,,0.015
cora_runaulfko77_GAT,85.06,86.9,91.51,91.14,91.88,92.62,86.82,85.06,86.9,91.51,91.14,91.88,92.62,96.39,97.55,89.3,128,64,2,0.1,0,6,,0.015
cora_run003qdnxx_GAT,85.06,86.9,91.51,91.14,91.88,92.62,86.82,85.06,86.9,91.51,91.14,91.88,92.62,96.39,97.55,91.7,128,64,2,0.1,0,7,,0.015
cora_runpz49h2ch_GAT,85.06,89.85,91.51,91.14,91.88,92.62,89.09,85.06,89.85,91.51,91.14,91.88,92.62,96.39,97.55,91.7,128,64,8,0.1,0,5,,0.015
cora_run091w5uvb_GAT,88.75,88.75,91.51,91.14,91.88,92.62,88.82,88.75,88.75,91.51,91.14,91.88,92.62,96.39,97.55,91.7,128,64,8,0.1,0,6,,0.015
cora_runeu1j7tc5_GAT,88.75,88.75,91.51,91.14,91.88,92.62,88.82,88.75,88.75,91.51,91.14,91.88,92.62,96.39,97.55,91.7,128,64,8,0.1,0,7,,0.015
cora_run3zowivtr_GAT,88.75,88.75,91.51,91.14,91.88,92.62,88.82,88.75,88.75,91.51,91.14,91.88,92.62,96.39,97.55,91.7,128,64,16,0.1,0,5,,0.015
cora_run71vxw11q_GAT,88.75,88.75,91.51,91.14,91.88,92.62,88.82,88.75,88.75,91.51,91.14,91.88,92.62,96.39,97.55,87.27,128,64,16,0.1,0,6,,0.015
cora_run4zul7ibr_GAT,88.75,88.75,91.51,91.14,91.88,92.62,88.82,88.75,88.75,91.51,91.14,91.88,92.62,96.39,97.55,87.27,128,64,16,0.1,0,7,,0.015
cora_rungmgm9n2v_GAT,88.75,88.75,91.51,91.14,91.88,92.62,88.82,88.75,88.75,91.51,91.14,91.88,92.62,96.39,97.55,87.27,128,128,4,0.1,0,5,,0.015
cora_runk0m59ltm_GAT,88.75,88.75,91.51,91.14,91.88,92.62,88.82,88.75,88.75,91.51,91.14,91.88,92.62,96.39,97.55,87.27,128,128,4,0.1,0,6,,0.015
cora_runo2tmq1xq_GAT,88.75,88.75,91.51,91.14,91.88,92.62,88.82,88.75,88.75,91.51,91.14,91.88,92.62,96.39,97.55,87.27,128,128,4,0.1,0,7,,0.015
cora_runyfyyynse_GAT,88.75,88.75,91.51,91.14,91.88,92.62,88.82,88.75,88.75,91.51,91.14,91.88,92.62,96.39,97.55,87.27,128,128,2,0.1,0,5,,0.015
cora_runds3wfwdd_GAT,88.75,88.75,91.51,91.14,91.88,92.62,88.82,88.75,88.75,91.51,91.14,91.88,92.62,96.39,97.55,87.27,128,128,2,0.1,0,6,,0.015
cora_runr0u5n4x5_GAT,88.75,88.75,91.51,91.14,91.88,92.62,88.82,88.75,88.75,91.51,91.14,91.88,92.62,96.39,97.55,87.27,128,128,2,0.1,0,7,,0.015
cora_runnwr6uf32_GAT,88.75,88.75,91.51,91.14,91.88,92.07,88.82,88.75,88.75,91.51,91.14,91.88,92.07,96.39,97.55,90.68,128,128,8,0.1,0,5,,0.015
cora_runb8nbbo32_GAT,88.75,88.75,91.51,91.14,91.88,92.07,88.82,88.75,88.75,91.51,91.14,91.88,92.07,96.39,97.55,90.68,128,128,8,0.1,0,6,,0.015
cora_runxhy42pgi_GAT,88.75,88.75,91.51,91.14,91.88,92.07,88.82,88.75,88.75,91.51,91.14,91.88,92.07,96.39,97.55,90.68,128,128,8,0.1,0,7,,0.015
cora_rung7e8ql89_GAT,88.75,88.75,91.51,91.14,91.88,92.07,88.82,88.75,88.75,91.51,91.14,91.88,92.07,96.39,97.55,90.68,128,128,16,0.1,0,5,,0.015
cora_runnlpre01q_GAT,88.75,88.75,91.51,91.14,91.88,92.07,88.82,88.75,88.75,91.51,91.14,91.88,92.07,96.39,97.55,90.68,128,128,16,0.1,0,6,,0.015
cora_runcashuuby_GAT,88.75,88.75,91.51,91.14,91.88,92.07,88.82,88.75,88.75,91.51,91.14,91.88,92.07,96.39,97.55,90.68,128,128,16,0.1,0,7,,0.015
cora_runz3xmmmms_GAT,88.75,88.75,91.51,91.14,91.88,92.07,88.82,88.75,88.75,91.51,91.14,91.88,92.07,96.39,97.55,90.68,128,256,4,0.1,0,5,,0.015
cora_runr83liq66_GAT,88.75,88.75,91.51,91.14,91.88,92.07,88.82,88.75,88.75,91.51,91.14,91.88,92.07,96.39,97.55,90.68,128,256,4,0.1,0,6,,0.015
cora_runw3kfhfwe_GAT,88.75,88.75,91.51,91.14,91.88,92.07,88.82,88.75,88.75,91.51,91.14,91.88,92.07,96.39,97.55,90.68,128,256,4,0.1,0,7,,0.015
cora_runfiwpv19i_GAT,88.75,88.75,91.51,91.14,91.88,92.07,88.82,88.75,88.75,91.51,91.14,91.88,92.07,96.39,97.55,90.68,128,256,2,0.1,0,5,,0.015
cora_run5ch1clg3_GAT,88.75,88.75,91.51,91.14,91.88,92.07,88.82,88.75,88.75,91.51,91.14,91.88,92.07,96.39,97.55,90.68,128,256,2,0.1,0,6,,0.015
cora_runyqhhjh0m_GAT,88.75,87.45,91.51,91.14,91.88,92.07,88.82,88.75,87.45,91.51,91.14,91.88,92.07,96.39,97.55,90.68,128,256,2,0.1,0,7,,0.015
cora_runtlthu782_GAT,88.75,87.45,91.51,91.14,91.88,92.07,88.82,88.75,87.45,91.51,91.14,91.88,92.07,96.39,97.55,90.68,128,256,8,0.1,0,5,,0.015
cora_run168q4kew_GAT,88.75,87.45,91.51,91.14,91.88,92.07,88.82,88.75,87.45,91.51,91.14,91.88,92.07,96.39,97.55,90.68,128,256,8,0.1,0,6,,0.015
cora_runf3fasas7_GAT,88.75,87.45,91.51,91.14,91.88,92.07,88.82,88.75,87.45,91.51,91.14,91.88,92.07,96.39,97.55,90.68,128,256,8,0.1,0,7,,0.015
cora_run4smp6qx3_GAT,88.75,87.45,91.51,91.14,91.88,92.07,88.82,88.75,87.45,91.51,91.14,91.88,92.07,96.39,97.55,84.41,128,256,16,0.1,0,5,,0.015
cora_runimqaenlz_GAT,88.75,87.45,91.51,91.14,91.88,92.07,88.82,88.75,87.45,91.51,91.14,91.88,92.07,96.39,97.55,88.28,128,256,16,0.1,0,6,,0.015
cora_run9p1f0oqe_GAT,88.75,87.45,91.51,91.14,91.88,92.07,88.82,88.75,87.45,91.51,91.14,91.88,92.07,96.39,97.55,88.28,128,256,16,0.1,0,7,,0.015
cora_runaps6g78a_GAT,88.75,87.45,91.51,91.14,91.88,92.07,88.82,88.75,87.45,91.51,91.14,91.88,92.07,96.39,97.55,88.28,128,512,4,0.1,0,5,,0.015
cora_runf53gg6k3_GAT,88.75,85.61,91.51,91.14,91.88,92.07,88.82,88.75,85.61,91.51,91.14,91.88,92.07,96.39,97.55,88.28,128,512,4,0.1,0,6,,0.015
cora_runq4zob8t7_GAT,88.75,85.61,91.51,91.14,91.88,92.07,88.82,88.75,85.61,91.51,91.14,91.88,92.07,96.39,97.55,88.28,128,512,4,0.1,0,7,,0.015
cora_runq9ivrmcg_GAT,88.75,85.61,91.51,91.14,91.88,92.07,88.82,88.75,85.61,91.51,91.14,91.88,92.07,96.39,97.55,88.28,128,512,2,0.1,0,5,,0.015
cora_runb5r5hgkk_GAT,88.56,85.61,91.51,91.14,91.88,92.07,89.37,88.56,85.61,91.51,91.14,91.88,92.07,96.39,97.55,88.28,128,512,2,0.1,0,6,,0.015
cora_runejicdwut_GAT,88.56,85.61,91.51,91.14,91.88,92.07,89.37,88.56,85.61,91.51,91.14,91.88,92.07,96.39,97.55,82.75,128,512,2,0.1,0,7,,0.015
cora_run3wcs27q2_GAT,88.56,85.61,91.51,91.14,91.88,92.07,89.37,88.56,85.61,91.51,91.14,91.88,92.07,96.39,97.55,82.75,128,512,8,0.1,0,5,,0.015
cora_run3f2ojsg4_GAT,88.56,85.61,91.51,91.14,91.88,92.07,89.37,88.56,85.61,91.51,91.14,91.88,92.07,96.39,97.55,82.75,128,512,8,0.1,0,6,,0.015
cora_runtc9b48wn_GAT,88.56,85.61,91.51,91.7,91.88,92.07,89.37,88.56,85.61,91.51,91.7,91.88,92.07,96.39,97.55,82.75,128,512,8,0.1,0,7,,0.015
cora_run5748l9vn_GAT,88.56,85.61,91.51,91.7,91.88,92.07,89.37,88.56,85.61,91.51,91.7,91.88,92.07,96.39,97.55,82.75,128,512,16,0.1,0,5,,0.015
cora_run3cajeoen_GAT,88.56,85.61,91.51,91.7,91.88,92.07,89.37,88.56,85.61,91.51,91.7,91.88,92.07,96.39,97.55,82.75,128,512,16,0.1,0,6,,0.015
cora_runzqz30b1h_GAT,88.56,85.61,91.51,91.7,91.88,92.07,89.37,88.56,85.61,91.51,91.7,91.88,92.07,96.39,97.55,82.75,128,512,16,0.1,0,7,,0.015
cora_run9wh07t4n_GAT,88.56,90.04,91.51,91.7,91.88,92.07,89.37,88.56,90.04,91.51,91.7,91.88,92.07,96.39,97.55,82.75,256,64,4,0.1,0,5,,0.015
cora_run3152vcp1_GAT,88.56,90.04,91.51,91.7,91.88,92.07,89.37,88.56,90.04,91.51,91.7,91.88,92.07,96.39,97.55,82.75,256,64,4,0.1,0,6,,0.015
cora_runaoggblnu_GAT,88.56,90.04,91.51,91.7,91.88,92.07,89.37,88.56,90.04,91.51,91.7,91.88,92.07,96.39,97.55,82.75,256,64,4,0.1,0,7,,0.015
cora_runryccy89z_GAT,88.56,90.04,91.51,91.7,91.88,92.07,89.37,88.56,90.04,91.51,91.7,91.88,92.07,96.39,97.55,82.75,256,64,2,0.1,0,5,,0.015
cora_runs5u311ku_GAT,88.56,90.04,91.51,91.7,91.88,92.07,89.37,88.56,90.04,91.51,91.7,91.88,92.07,96.39,97.55,82.75,256,64,2,0.1,0,6,,0.015
cora_rundbovlat0_GAT,88.56,90.04,91.51,91.7,91.88,92.07,89.37,88.56,90.04,91.51,91.7,91.88,92.07,96.39,97.55,82.75,256,64,2,0.1,0,7,,0.015
cora_run39rtmep9_GAT,88.56,90.04,91.51,91.7,91.88,92.07,89.37,88.56,90.04,91.51,91.7,91.88,92.07,96.39,97.55,91.51,256,64,8,0.1,0,5,,0.015
cora_run6ibbufie_GAT,88.56,90.04,91.51,91.7,91.88,92.07,89.37,88.56,90.04,91.51,91.7,91.88,92.07,96.39,97.55,91.51,256,64,8,0.1,0,6,,0.015
cora_runv2brfdvx_GAT,88.56,90.04,91.51,91.7,91.88,92.07,89.37,88.56,90.04,91.51,91.7,91.88,92.07,96.39,97.55,91.51,256,64,8,0.1,0,7,,0.015
cora_run1nzxr2dj_GAT,88.56,90.04,91.51,91.7,91.88,92.07,89.37,88.56,90.04,91.51,91.7,91.88,92.07,96.39,97.55,91.51,256,64,16,0.1,0,5,,0.015
cora_runson9wv1t_GAT,88.56,90.04,91.51,91.7,91.88,92.07,89.37,88.56,90.04,91.51,91.7,91.88,92.07,96.39,97.55,91.51,256,64,16,0.1,0,6,,0.015
cora_runm2mwg6kq_GAT,88.56,90.04,91.51,91.7,91.88,92.07,89.37,88.56,90.04,91.51,91.7,91.88,92.07,96.39,97.55,91.51,256,64,16,0.1,0,7,,0.015
cora_runvq7zlot9_GAT,88.56,90.04,91.51,91.7,91.88,92.07,89.37,88.56,90.04,91.51,91.7,91.88,92.07,96.39,97.55,91.51,256,128,4,0.1,0,5,,0.015
cora_run75gnwt24_GAT,88.56,90.04,91.51,91.7,91.88,92.07,89.37,88.56,90.04,91.51,91.7,91.88,92.07,96.39,97.55,91.51,256,128,4,0.1,0,6,,0.015
cora_runz01vvufy_GAT,88.56,90.04,91.51,91.7,91.88,92.07,89.37,88.56,90.04,91.51,91.7,91.88,92.07,96.39,97.55,91.51,256,128,4,0.1,0,7,,0.015
cora_runmo2snie6_GAT,88.56,90.04,91.51,91.7,91.88,92.07,89.37,88.56,90.04,91.51,91.7,91.88,92.07,96.39,97.55,91.51,256,128,2,0.1,0,5,,0.015
cora_run6x62go3b_GAT,88.56,90.04,91.51,91.7,91.88,92.07,89.37,88.56,90.04,91.51,91.7,91.88,92.07,96.39,97.55,91.51,256,128,2,0.1,0,6,,0.015
cora_runfmfbun2o_GAT,88.56,90.04,91.51,91.7,91.88,92.07,89.37,88.56,90.04,91.51,91.7,91.88,92.07,96.39,97.55,91.51,256,128,2,0.1,0,7,,0.015
cora_runoy5ohcqw_GAT,88.56,90.04,91.51,91.7,91.88,92.07,89.37,88.56,90.04,91.51,91.7,91.88,92.07,96.39,97.55,91.51,256,128,8,0.1,0,5,,0.015
cora_runacp8iz0f_GAT,88.56,90.04,91.51,91.7,91.88,92.07,89.37,88.56,90.04,91.51,91.7,91.88,92.07,96.39,97.55,91.51,256,128,8,0.1,0,6,,0.015
cora_rungylm78y7_GAT,88.56,90.04,91.51,91.7,91.88,92.07,89.37,88.56,90.04,91.51,91.7,91.88,92.07,96.39,97.55,91.51,256,128,8,0.1,0,7,,0.015
cora_runw7pj9l71_GAT,88.56,90.04,91.51,91.7,91.88,92.07,89.37,88.56,90.04,91.51,91.7,91.88,92.07,96.39,97.55,91.51,256,128,16,0.1,0,5,,0.015
cora_rund3l1ve8m_GAT,88.56,90.04,91.51,91.7,91.88,92.07,89.37,88.56,90.04,91.51,91.7,91.88,92.07,96.39,97.55,91.51,256,128,16,0.1,0,6,,0.015
cora_runcfzlovnp_GAT,88.56,90.04,91.51,91.7,91.88,92.07,89.37,88.56,90.04,91.51,91.7,91.88,92.07,96.39,97.55,91.51,256,128,16,0.1,0,7,,0.015
cora_runmv78riub_GAT,88.56,90.04,91.51,91.7,91.88,92.07,89.37,88.56,90.04,91.51,91.7,91.88,92.07,96.39,97.55,91.51,256,256,4,0.1,0,5,,0.015
cora_runveisg7l1_GAT,88.56,90.04,91.51,91.7,91.88,92.07,89.37,88.56,90.04,91.51,91.7,91.88,92.07,96.39,97.55,91.51,256,256,4,0.1,0,6,,0.015
cora_runuo0i5hng_GAT,88.56,90.04,91.51,91.7,91.88,92.07,89.37,88.56,90.04,91.51,91.7,91.88,92.07,96.39,97.55,91.51,256,256,4,0.1,0,7,,0.015
cora_run7vsutiy5_GAT,88.56,90.04,91.51,91.7,91.88,92.07,89.37,88.56,90.04,91.51,91.7,91.88,92.07,96.39,97.55,91.51,256,256,2,0.1,0,5,,0.015
cora_run4sx5wmeb_GAT,88.56,90.04,91.51,91.7,91.88,92.07,89.37,88.56,90.04,91.51,91.7,91.88,92.07,96.39,97.55,91.51,256,256,2,0.1,0,6,,0.015
cora_runyp0ibgwl_GAT,88.56,90.04,91.51,91.7,91.88,92.07,89.37,88.56,90.04,91.51,91.7,91.88,92.07,96.39,97.55,91.51,256,256,2,0.1,0,7,,0.015
cora_run88bq5kur_GAT,88.56,90.04,91.51,91.7,91.88,92.07,89.37,88.56,90.04,91.51,91.7,91.88,92.07,96.39,97.55,91.51,256,256,8,0.1,0,5,,0.015
cora_runtstkospd_GAT,88.56,90.04,91.51,91.7,91.88,92.07,89.37,88.56,90.04,91.51,91.7,91.88,92.07,96.39,97.55,90.59,256,256,8,0.1,0,6,,0.015
cora_run0egknuoz_GAT,88.56,90.04,91.51,91.7,91.88,92.07,89.37,88.56,90.04,91.51,91.7,91.88,92.07,96.39,97.55,90.59,256,256,8,0.1,0,7,,0.015
cora_run1uxsivye_GAT,88.56,90.04,91.51,91.7,91.88,92.07,89.37,88.56,90.04,91.51,91.7,91.88,92.07,96.39,97.55,90.59,256,256,16,0.1,0,5,,0.015
cora_runuh6497x0_GAT,88.56,90.04,91.51,91.7,91.88,92.07,89.37,88.56,90.04,91.51,91.7,91.88,92.07,96.39,97.55,89.85,256,256,16,0.1,0,6,,0.015
cora_runw5evgt9o_GAT,88.56,90.04,91.51,91.7,91.88,92.07,89.37,88.56,90.04,91.51,91.7,91.88,92.07,96.39,97.55,89.85,256,256,16,0.1,0,7,,0.015
cora_run088u80tl_GAT,88.56,90.04,91.51,91.7,91.88,92.07,89.37,88.56,90.04,91.51,91.7,91.88,92.07,96.39,97.55,89.85,256,512,4,0.1,0,5,,0.015
cora_runiu75ie7f_GAT,88.56,90.04,91.51,91.7,91.88,92.07,89.37,88.56,90.04,91.51,91.7,91.88,92.07,96.39,97.55,89.85,256,512,4,0.1,0,6,,0.015
cora_run82vld2ql_GAT,88.56,90.04,91.51,91.7,91.88,92.07,89.37,88.56,90.04,91.51,91.7,91.88,92.07,96.39,97.55,89.85,256,512,4,0.1,0,7,,0.015
cora_rune5tqjf44_GAT,88.56,90.04,91.51,91.7,91.88,92.07,89.37,88.56,90.04,91.51,91.7,91.88,92.07,96.39,97.55,89.85,256,512,2,0.1,0,5,,0.015
cora_runx4kd3e4v_GAT,88.56,90.04,91.51,91.7,91.88,92.07,89.37,88.56,90.04,91.51,91.7,91.88,92.07,96.39,97.55,89.85,256,512,2,0.1,0,6,,0.015
cora_runmbt8e1fy_GAT,88.56,90.04,91.51,91.7,91.88,92.07,89.37,88.56,90.04,91.51,91.7,91.88,92.07,96.39,97.55,89.85,256,512,2,0.1,0,7,,0.015
cora_runv30gjwhc_GAT,88.56,90.04,91.51,91.7,91.88,92.07,89.37,88.56,90.04,91.51,91.7,91.88,92.07,96.39,97.55,89.85,256,512,8,0.1,0,5,,0.015
cora_runsaom2zy0_GAT,88.56,90.04,91.51,91.7,91.88,92.07,89.37,88.56,90.04,91.51,91.7,91.88,92.07,96.39,97.55,89.85,256,512,8,0.1,0,6,,0.015
cora_run9fqugsqk_GAT,88.56,90.04,91.51,91.7,91.88,92.07,89.37,88.56,90.04,91.51,91.7,91.88,92.07,96.39,97.55,89.85,256,512,8,0.1,0,7,,0.015
cora_runqquo95gk_GAT,88.56,90.04,91.51,91.7,91.88,92.07,89.37,88.56,90.04,91.51,91.7,91.88,92.07,96.39,97.55,89.85,256,512,16,0.1,0,5,,0.015
cora_runjt3s1ard_GAT,88.56,90.04,91.51,91.7,91.88,92.07,89.37,88.56,90.04,91.51,91.7,91.88,92.07,96.39,97.55,89.85,256,512,16,0.1,0,6,,0.015
cora_runbdl8t3j2_GAT,88.56,90.04,91.51,91.7,91.88,92.07,89.37,88.56,90.04,91.51,91.7,91.88,92.07,96.39,97.55,89.85,256,512,16,0.1,0,7,,0.015
cora_runbzxh2p5x_GAT,88.56,90.04,91.51,91.7,91.88,92.07,89.37,88.56,90.04,91.51,91.7,91.88,92.07,96.39,97.55,89.85,512,64,4,0.1,0,5,,0.015
cora_runv53ohxhy_GAT,88.56,90.04,91.51,91.7,91.88,92.07,89.37,88.56,90.04,91.51,91.7,91.88,92.07,96.39,97.55,89.85,512,64,4,0.1,0,6,,0.015
cora_rungok90j4j_GAT,88.56,90.04,91.51,91.7,91.88,92.07,89.37,88.56,90.04,91.51,91.7,91.88,92.07,96.39,97.55,89.85,512,64,4,0.1,0,7,,0.015
cora_runldupsak7_GAT,88.56,90.04,91.51,91.7,91.88,92.07,89.37,88.56,90.04,91.51,91.7,91.88,92.07,96.39,97.55,89.85,512,64,2,0.1,0,5,,0.015
cora_run1fvm4nen_GAT,88.56,90.04,91.51,91.7,91.88,92.07,89.37,88.56,90.04,91.51,91.7,91.88,92.07,96.39,97.55,89.85,512,64,2,0.1,0,6,,0.015
cora_run76tazcqy_GAT,88.56,90.04,91.51,91.7,91.88,92.07,89.37,88.56,90.04,91.51,91.7,91.88,92.07,96.39,97.55,89.85,512,64,2,0.1,0,7,,0.015
cora_runnhwbq784_GAT,88.56,90.04,91.51,91.7,91.88,92.07,89.37,88.56,90.04,91.51,91.7,91.88,92.07,96.39,97.55,89.85,512,64,8,0.1,0,5,,0.015
cora_runma60u9f8_GAT,88.56,90.04,91.51,91.7,91.88,92.07,89.37,88.56,90.04,91.51,91.7,91.88,92.07,96.39,97.55,89.85,512,64,8,0.1,0,6,,0.015
cora_run1yqgjng1_GAT,88.56,90.04,91.51,91.7,91.88,92.07,89.37,88.56,90.04,91.51,91.7,91.88,92.07,96.39,97.55,89.85,512,64,8,0.1,0,7,,0.015
cora_runzldlu6fk_GAT,88.56,90.04,91.51,91.7,91.88,92.07,89.37,88.56,90.04,91.51,91.7,91.88,92.07,96.39,97.55,89.85,512,64,16,0.1,0,5,,0.015
cora_runof7sxk4r_GAT,88.56,90.04,91.51,91.7,91.88,92.07,89.37,88.56,90.04,91.51,91.7,91.88,92.07,96.39,97.55,89.85,512,64,16,0.1,0,6,,0.015
cora_run1btsdfrb_GAT,88.56,90.04,91.51,91.7,91.88,92.07,89.37,88.56,90.04,91.51,91.7,91.88,92.07,96.39,97.55,89.85,512,64,16,0.1,0,7,,0.015
cora_run5919k634_GAT,88.56,90.59,91.51,91.7,91.88,92.07,89.37,88.56,90.59,91.51,91.7,91.88,92.07,96.39,97.55,89.85,512,128,4,0.1,0,5,,0.015
cora_run9m0n2eeb_GAT,88.56,90.59,91.51,91.7,91.88,92.07,89.37,88.56,90.59,91.51,91.7,91.88,92.07,96.39,97.55,89.85,512,128,4,0.1,0,6,,0.015
cora_run1g3vln20_GAT,88.56,90.59,91.51,91.7,91.88,92.07,89.37,88.56,90.59,91.51,91.7,91.88,92.07,96.39,97.55,89.85,512,128,4,0.1,0,7,,0.015
cora_runv1gnqq7b_GAT,88.56,90.59,91.51,91.7,91.88,92.07,89.37,88.56,90.59,91.51,91.7,91.88,92.07,96.39,97.55,89.85,512,128,2,0.1,0,5,,0.015
cora_runtipg5dsr_GAT,88.56,90.77,91.51,91.7,91.88,92.07,89.37,88.56,90.77,91.51,91.7,91.88,92.07,96.39,97.55,89.85,512,128,2,0.1,0,6,,0.015
cora_runm9norihg_GAT,88.56,90.77,91.51,91.7,91.88,92.07,89.37,88.56,90.77,91.51,91.7,91.88,92.07,96.39,97.55,89.85,512,128,2,0.1,0,7,,0.015
cora_runodlhvemo_GAT,88.56,90.77,91.51,91.7,91.88,92.07,89.37,88.56,90.77,91.51,91.7,91.88,92.07,96.39,97.55,89.85,512,128,8,0.1,0,5,,0.015
cora_run37bjcd8y_GAT,88.56,90.77,91.51,91.7,91.88,92.07,89.37,88.56,90.77,91.51,91.7,91.88,92.07,96.39,97.55,89.85,512,128,8,0.1,0,6,,0.015
cora_run6tobcybd_GAT,88.56,90.77,91.51,91.7,91.88,92.07,89.37,88.56,90.77,91.51,91.7,91.88,92.07,96.39,97.55,89.85,512,128,8,0.1,0,7,,0.015
cora_runpgqmftgi_GAT,88.56,90.77,91.51,91.7,91.88,92.07,89.37,88.56,90.77,91.51,91.7,91.88,92.07,96.39,97.55,89.85,512,128,16,0.1,0,5,,0.015
cora_run80w7xcn8_GAT,88.56,90.77,91.51,91.7,91.88,92.07,89.37,88.56,90.77,91.51,91.7,91.88,92.07,96.39,97.55,89.85,512,128,16,0.1,0,6,,0.015
cora_runvhtpffzz_GAT,88.56,90.77,91.51,91.7,91.88,92.07,89.37,88.56,90.77,91.51,91.7,91.88,92.07,96.39,97.55,89.85,512,128,16,0.1,0,7,,0.015
cora_runb7i3obmd_GAT,88.56,90.77,91.51,91.7,91.88,92.07,89.03,88.56,90.77,91.51,91.7,91.88,92.07,96.39,97.55,89.85,512,256,4,0.1,0,5,,0.015
cora_runvwngktpt_GAT,88.56,90.77,91.51,91.7,91.88,92.07,89.03,88.56,90.77,91.51,91.7,91.88,92.07,96.39,97.55,89.85,512,256,4,0.1,0,6,,0.015
cora_runjrqyvv63_GAT,88.56,89.48,91.51,91.7,91.88,92.07,89.03,88.56,89.48,91.51,91.7,91.88,92.07,96.39,97.55,89.85,512,256,4,0.1,0,7,,0.015
cora_runphickcg2_GAT,88.56,89.48,91.51,91.7,91.88,92.07,89.03,88.56,89.48,91.51,91.7,91.88,92.07,96.39,97.55,89.85,512,256,2,0.1,0,5,,0.015
cora_run4otfzn0v_GAT,88.56,89.48,91.51,91.7,91.88,92.07,89.03,88.56,89.48,91.51,91.7,91.88,92.07,96.39,97.55,89.85,512,256,2,0.1,0,6,,0.015
cora_run62qmzekx_GAT,88.56,89.48,91.51,91.7,91.88,92.07,89.03,88.56,89.48,91.51,91.7,91.88,92.07,96.39,97.55,89.85,512,256,2,0.1,0,7,,0.015
cora_runugs5rlci_GAT,88.56,89.48,91.51,91.7,91.88,92.07,89.03,88.56,89.48,91.51,91.7,91.88,92.07,96.39,97.55,89.85,512,256,8,0.1,0,5,,0.015
cora_runovd03cs4_GAT,88.56,89.48,91.51,91.7,91.88,92.07,89.03,88.56,89.48,91.51,91.7,91.88,92.07,96.39,97.55,89.85,512,256,8,0.1,0,6,,0.015
cora_run1i70lk5s_GAT,88.56,89.48,91.51,91.7,91.88,92.07,89.03,88.56,89.48,91.51,91.7,91.88,92.07,96.39,97.55,89.85,512,256,8,0.1,0,7,,0.015
cora_run7tyvwkod_GAT,88.56,89.48,91.51,91.7,91.88,92.07,89.03,88.56,89.48,91.51,91.7,91.88,92.07,96.39,97.55,89.85,512,256,16,0.1,0,5,,0.015
cora_runb2faarzt_GAT,88.56,89.48,91.51,91.7,91.88,92.07,89.03,88.56,89.48,91.51,91.7,91.88,92.07,96.39,97.55,89.85,512,256,16,0.1,0,6,,0.015
cora_runfh7e7w3o_GAT,88.56,89.48,91.51,91.7,91.88,92.07,89.03,88.56,89.48,91.51,91.7,91.88,92.07,96.39,97.55,89.85,512,256,16,0.1,0,7,,0.015
cora_runp2aa50jd_GAT,88.56,89.48,91.51,91.7,91.88,92.07,89.03,88.56,89.48,91.51,91.7,91.88,92.07,96.39,97.55,89.85,512,512,4,0.1,0,5,,0.015
cora_runk4xua7ia_GAT,88.56,89.48,91.51,91.7,91.88,92.07,89.03,88.56,89.48,91.51,91.7,91.88,92.07,96.39,97.55,89.85,512,512,4,0.1,0,6,,0.015
cora_run32p5fv7e_GAT,88.56,89.48,91.51,91.7,91.88,92.07,89.03,88.56,89.48,91.51,91.7,91.88,92.07,96.39,97.55,89.85,512,512,4,0.1,0,7,,0.015
cora_runbbfojei7_GAT,88.56,89.48,91.51,91.7,91.88,92.07,89.03,88.56,89.48,91.51,91.7,91.88,92.07,96.39,97.55,89.85,512,512,2,0.1,0,5,,0.015
cora_runzvytudht_GAT,88.56,89.48,91.51,91.7,91.88,92.07,89.03,88.56,89.48,91.51,91.7,91.88,92.07,96.39,97.55,89.85,512,512,2,0.1,0,6,,0.015
cora_runvvoqx811_GAT,88.56,89.48,91.51,91.7,91.88,92.07,89.03,88.56,89.48,91.51,91.7,91.88,92.07,96.39,97.55,89.85,512,512,2,0.1,0,7,,0.015
cora_run465wrkr1_GAT,88.56,89.48,91.51,91.7,91.88,92.07,89.03,88.56,89.48,91.51,91.7,91.88,92.07,96.39,97.55,89.85,512,512,8,0.1,0,5,,0.015
cora_run9q6hxo3f_GAT,88.56,89.48,91.51,91.7,91.88,92.07,89.03,88.56,89.48,91.51,91.7,91.88,92.07,96.39,97.55,89.85,512,512,8,0.1,0,6,,0.015
cora_runmgwd67ij_GAT,88.56,89.48,91.51,91.7,91.88,92.07,89.03,88.56,89.48,91.51,91.7,91.88,92.07,96.39,97.55,89.85,512,512,8,0.1,0,7,,0.015
cora_runkv8skfcg_GAT,88.56,89.48,91.51,91.7,91.88,92.07,89.03,88.56,89.48,91.51,91.7,91.88,92.07,96.39,97.55,89.85,512,512,16,0.1,0,5,,0.015
cora_runz5rqpxcy_GAT,88.56,89.48,91.51,91.7,91.88,92.07,89.03,88.56,89.48,91.51,91.7,91.88,92.07,96.39,97.55,89.85,512,512,16,0.1,0,6,,0.015
cora_runylijxeu5_GAT,88.56,89.48,91.51,91.7,91.88,92.07,89.03,88.56,89.48,91.51,91.7,91.88,92.07,96.39,97.55,89.85,512,512,16,0.1,0,7,,0.015
cora_run2malb7pk_GAT,2.21,55.17,69.56,82.29,89.85,92.07,54.83,2.21,55.17,69.56,82.29,89.85,92.07,95.55,96.23,84.78,64,64,4,0.1,0,5,,0.015
cora_runxshkgtmm_GAT,2.21,53.69,65.31,82.29,89.85,92.07,52.01,2.21,53.69,65.31,82.29,89.85,92.07,95.57,96.19,83.86,64,64,4,0.1,0,5,,0.015
cora_runwsulcj5b_GAT,2.21,53.69,65.31,80.81,89.85,92.07,52.01,2.21,53.69,65.31,80.81,89.85,92.07,95.57,96.24,83.86,64,64,4,0.1,0,5,,0.015
cora_runlznw7z0n_GAT,2.21,53.69,65.31,80.81,90.59,92.07,53.63,2.21,53.69,65.31,80.81,90.59,92.07,95.68,96.29,83.86,64,64,4,0.1,0,5,,0.015
cora_runf1hatshy_GAT,84.69,89.11,90.41,91.51,92.25,92.44,81.87,84.69,89.11,90.41,91.51,92.25,92.44,96.42,97.47,86.26,64,64,4,0.1,0,5,,0.015
cora_run8f8ul4p8_GAT,74.91,86.72,90.59,91.51,92.25,92.44,82.01,74.91,86.72,90.59,91.51,92.25,92.44,96.42,97.47,86.26,64,64,4,0.1,0,6,,0.015
cora_run4i5uret9_GAT,74.91,86.72,90.22,91.51,91.51,91.88,82.01,74.91,86.72,90.22,91.51,91.51,91.88,96.42,97.47,86.26,64,64,4,0.1,0,7,,0.015
cora_runfsnik38p_GAT,74.91,87.45,90.22,91.7,91.51,91.88,82.01,74.91,87.45,90.22,91.7,91.51,91.88,96.42,97.47,86.26,64,64,2,0.1,0,5,,0.015
cora_run4bv72nud_GAT,74.91,86.9,90.59,91.7,91.51,91.88,82.01,74.91,86.9,90.59,91.7,91.51,91.88,96.42,97.24,86.26,64,64,2,0.1,0,6,,0.015
cora_runu9483z4e_GAT,84.69,86.9,90.59,91.7,91.51,91.88,86.13,84.69,86.9,90.59,91.7,91.51,91.88,96.39,97.44,86.26,64,64,2,0.1,0,7,,0.015
cora_runxjptt2m8_GAT,84.69,86.9,90.59,90.96,91.51,91.88,86.13,84.69,86.9,90.59,90.96,91.51,91.88,96.39,97.44,86.26,64,64,8,0.1,0,5,,0.015
cora_runkuz4w3qh_GAT,84.69,86.9,90.41,90.96,91.51,91.88,86.13,84.69,86.9,90.41,90.96,91.51,91.88,96.39,97.31,86.26,64,64,8,0.1,0,6,,0.015
cora_runanzrdatv_GAT,84.69,88.01,90.41,90.96,91.51,91.88,86.13,84.69,88.01,90.41,90.96,91.51,91.88,96.39,97.31,86.26,64,64,8,0.1,0,7,,0.015
cora_runmb5dhxla_GAT,84.69,88.01,90.41,90.96,91.51,91.88,86.13,84.69,88.01,90.41,90.96,91.51,91.88,96.39,97.31,86.26,64,64,16,0.1,0,5,,0.015
cora_runm9g7qkus_GAT,84.69,88.01,90.41,90.96,91.51,91.88,86.13,84.69,88.01,90.41,90.96,91.51,91.88,96.39,97.31,86.26,64,64,16,0.1,0,6,,0.015
cora_runkn54rzsi_GAT,84.69,88.01,90.41,90.96,91.51,91.88,86.13,84.69,88.01,90.41,90.96,91.51,91.88,96.39,97.31,86.26,64,64,16,0.1,0,7,,0.015
cora_runw27m8pct_GAT,84.69,88.01,90.41,90.96,91.51,91.88,86.13,84.69,88.01,90.41,90.96,91.51,91.88,96.39,97.31,86.26,64,128,4,0.1,0,5,,0.015
cora_run5u27dhdf_GAT,77.68,88.01,90.41,90.96,91.51,91.88,82.87,77.68,88.01,90.41,90.96,91.51,91.88,96.39,97.31,86.26,64,128,4,0.1,0,6,,0.015
cora_runyms1r1f6_GAT,77.68,88.01,90.41,90.96,91.51,91.88,82.87,77.68,88.01,90.41,90.96,91.51,91.88,96.39,97.31,86.26,64,128,4,0.1,0,7,,0.015
cora_runwb2fhzy4_GAT,77.68,88.01,90.41,90.96,91.51,91.88,82.87,77.68,88.01,90.41,90.96,91.51,91.88,96.39,97.31,86.26,64,128,2,0.1,0,5,,0.015
cora_runh0zjexp7_GAT,77.68,88.01,90.41,90.96,91.51,91.88,82.87,77.68,88.01,90.41,90.96,91.51,91.88,96.39,97.31,86.26,64,128,2,0.1,0,6,,0.015
cora_runcu2ngb7g_GAT,77.68,88.01,90.41,90.96,91.51,91.88,82.87,77.68,88.01,90.41,90.96,91.51,91.88,96.39,97.31,86.26,64,128,2,0.1,0,7,,0.015
cora_rundg3qc4jm_GAT,77.68,88.01,90.41,90.96,91.51,91.88,82.87,77.68,88.01,90.41,90.96,91.51,91.88,96.39,97.31,86.26,64,128,8,0.1,0,5,,0.015
cora_runvzycypcs_GAT,77.68,88.01,90.41,90.96,91.51,91.88,82.87,77.68,88.01,90.41,90.96,91.51,91.88,96.39,97.31,86.26,64,128,8,0.1,0,6,,0.015
cora_runhenedsdc_GAT,77.68,88.01,90.41,90.96,91.51,91.88,82.87,77.68,88.01,90.41,90.96,91.51,91.88,96.39,97.31,86.26,64,128,8,0.1,0,7,,0.015
cora_run1g0x6udv_GAT,77.68,88.01,90.41,90.96,91.51,91.88,82.87,77.68,88.01,90.41,90.96,91.51,91.88,96.39,97.31,86.26,64,128,16,0.1,0,5,,0.015
cora_runsffilubm_GAT,77.68,88.01,90.41,91.14,91.51,91.88,82.87,77.68,88.01,90.41,91.14,91.51,91.88,96.39,97.31,86.26,64,128,16,0.1,0,6,,0.015
cora_runc3ay4513_GAT,77.68,88.01,90.41,91.14,91.51,91.88,82.87,77.68,88.01,90.41,91.14,91.51,91.88,96.39,97.31,86.26,64,128,16,0.1,0,7,,0.015
cora_runfcdc1z4s_GAT,77.68,88.01,90.41,91.14,91.51,91.88,82.87,77.68,88.01,90.41,91.14,91.51,91.88,96.39,97.31,86.26,64,256,4,0.1,0,5,,0.015
cora_runj2yufdsr_GAT,77.68,88.01,90.41,91.14,91.51,91.88,82.87,77.68,88.01,90.41,91.14,91.51,91.88,96.39,97.31,86.26,64,256,4,0.1,0,6,,0.015
cora_runjz6oqjeo_GAT,77.68,88.01,90.41,91.14,91.51,91.88,82.87,77.68,88.01,90.41,91.14,91.51,91.88,96.39,97.31,86.26,64,256,4,0.1,0,7,,0.015
cora_runjakmsbet_GAT,77.68,88.01,90.41,91.14,91.51,92.62,82.87,77.68,88.01,90.41,91.14,91.51,92.62,96.39,97.31,86.44,64,256,2,0.1,0,5,,0.015
cora_runwl0vbbd9_GAT,77.68,88.01,90.41,91.14,91.51,92.62,82.87,77.68,88.01,90.41,91.14,91.51,92.62,96.39,97.31,86.44,64,256,2,0.1,0,6,,0.015
cora_run1c4fgmrv_GAT,77.68,88.01,90.41,91.14,91.51,92.62,82.87,77.68,88.01,90.41,91.14,91.51,92.62,96.39,97.31,86.44,64,256,2,0.1,0,7,,0.015
cora_runezdd519f_GAT,77.68,88.01,90.41,91.14,91.51,92.62,82.87,77.68,88.01,90.41,91.14,91.51,92.62,96.39,97.31,86.44,64,256,8,0.1,0,5,,0.015
cora_run3q0ce857_GAT,77.68,88.01,90.41,91.14,91.51,92.62,82.87,77.68,88.01,90.41,91.14,91.51,92.62,96.39,97.31,86.44,64,256,8,0.1,0,6,,0.015
cora_runo9voco17_GAT,77.68,89.48,90.41,91.14,91.51,92.62,82.87,77.68,89.48,90.41,91.14,91.51,92.62,96.39,97.31,86.44,64,256,8,0.1,0,7,,0.015
cora_rune72r47q9_GAT,77.68,86.9,90.41,91.14,91.51,92.62,82.87,77.68,86.9,90.41,91.14,91.51,92.62,96.39,97.31,86.44,64,256,16,0.1,0,5,,0.015
cora_runqabvoszc_GAT,77.68,86.9,90.41,91.14,91.51,92.62,82.87,77.68,86.9,90.41,91.14,91.51,92.62,96.39,97.31,86.44,64,256,16,0.1,0,6,,0.015
cora_run7ernu64i_GAT,77.68,86.9,90.41,91.14,91.51,92.62,82.87,77.68,86.9,90.41,91.14,91.51,92.62,96.39,97.31,86.44,64,256,16,0.1,0,7,,0.015
cora_run2fqrvrqd_GAT,77.68,86.9,90.41,91.14,91.51,92.62,82.87,77.68,86.9,90.41,91.14,91.51,92.62,96.39,97.31,86.44,64,512,4,0.1,0,5,,0.015
cora_runc6mqkgiw_GAT,77.68,86.9,90.41,91.14,91.51,92.25,82.87,77.68,86.9,90.41,91.14,91.51,92.25,96.39,97.31,86.44,64,512,4,0.1,0,6,,0.015
cora_runh3qokoqz_GAT,77.68,86.9,90.41,91.14,91.51,92.25,82.87,77.68,86.9,90.41,91.14,91.51,92.25,96.39,97.31,86.44,64,512,4,0.1,0,7,,0.015
cora_runjbvpbwpq_GAT,77.68,86.9,90.41,91.14,91.51,92.25,82.87,77.68,86.9,90.41,91.14,91.51,92.25,96.39,97.31,86.44,64,512,2,0.1,0,5,,0.015
cora_run7r2dl1un_GAT,77.68,86.9,90.41,91.14,91.51,92.25,82.87,77.68,86.9,90.41,91.14,91.51,92.25,96.39,97.53,86.26,64,512,2,0.1,0,6,,0.015
cora_runiiwbs2ry_GAT,85.06,86.9,90.41,91.14,91.51,92.25,86.8,85.06,86.9,90.41,91.14,91.51,92.25,96.39,97.53,86.26,64,512,2,0.1,0,7,,0.015
cora_run4elxawqy_GAT,85.06,86.9,90.41,91.14,91.51,92.25,86.8,85.06,86.9,90.41,91.14,91.51,92.25,96.39,97.53,86.26,64,512,8,0.1,0,5,,0.015
cora_runbj97tyzy_GAT,85.06,86.9,90.41,91.14,91.51,92.25,86.8,85.06,86.9,90.41,91.14,91.51,92.25,96.39,97.53,86.26,64,512,8,0.1,0,6,,0.015
cora_runut1yhzyd_GAT,85.06,86.9,90.41,91.14,91.51,92.25,86.8,85.06,86.9,90.41,91.14,91.51,92.25,96.39,97.53,86.26,64,512,8,0.1,0,7,,0.015
cora_runxa3azb19_GAT,85.06,86.9,90.41,91.14,91.51,92.25,86.8,85.06,86.9,90.41,91.14,91.51,92.25,96.39,97.53,86.26,64,512,16,0.1,0,5,,0.015
cora_runepabv5zo_GAT,85.06,86.9,90.41,91.14,91.51,92.25,86.8,85.06,86.9,90.41,91.14,91.51,92.25,96.39,97.53,86.26,64,512,16,0.1,0,6,,0.015
cora_runl48eif77_GAT,85.06,86.9,90.41,91.14,91.51,92.25,86.8,85.06,86.9,90.41,91.14,91.51,92.25,96.39,97.53,86.26,64,512,16,0.1,0,7,,0.015
cora_runrp5qn4yt_GAT,85.06,86.9,90.77,91.14,91.51,92.25,86.8,85.06,86.9,90.77,91.14,91.51,92.25,96.39,97.53,86.26,128,64,4,0.1,0,5,,0.015
cora_runxfl1fgxl_GAT,85.06,86.9,90.22,91.14,91.51,92.25,86.8,85.06,86.9,90.22,91.14,91.51,92.25,96.39,97.53,86.26,128,64,4,0.1,0,6,,0.015
cora_runxkkk22tw_GAT,85.06,86.9,90.22,91.14,91.51,92.25,86.8,85.06,86.9,90.22,91.14,91.51,92.25,96.39,97.53,89.3,128,64,4,0.1,0,7,,0.015
cora_runea81nonv_GAT,85.06,86.9,91.51,91.14,91.51,92.25,86.8,85.06,86.9,91.51,91.14,91.51,92.25,96.39,97.53,89.3,128,64,2,0.1,0,5,,0.015
cora_run94xrt92e_GAT,85.06,86.9,91.51,91.14,91.51,92.25,86.8,85.06,86.9,91.51,91.14,91.51,92.25,96.39,97.53,89.3,128,64,2,0.1,0,6,,0.015
cora_runfm13daln_GAT,85.06,86.9,91.51,91.14,91.51,92.25,86.8,85.06,86.9,91.51,91.14,91.51,92.25,96.39,97.53,91.79,128,64,2,0.1,0,7,,0.015
cora_runbdz19g34_GAT,85.06,89.85,91.51,91.14,91.51,92.25,89.09,85.06,89.85,91.51,91.14,91.51,92.25,96.39,97.53,91.79,128,64,8,0.1,0,5,,0.015
cora_runy5j3zq2g_GAT,88.75,88.56,91.51,91.14,91.51,92.25,88.81,88.75,88.56,91.51,91.14,91.51,92.25,96.39,97.53,91.79,128,64,8,0.1,0,6,,0.015
cora_runorlyn0ob_GAT,88.75,88.56,91.51,91.14,91.51,92.25,88.81,88.75,88.56,91.51,91.14,91.51,92.25,96.39,97.53,91.79,128,64,8,0.1,0,7,,0.015
cora_run8hmqe7vc_GAT,88.75,88.56,91.51,91.14,91.51,92.25,88.81,88.75,88.56,91.51,91.14,91.51,92.25,96.39,97.53,91.79,128,64,16,0.1,0,5,,0.015
cora_rung2j861sz_GAT,88.75,88.56,91.51,91.14,91.51,92.25,88.81,88.75,88.56,91.51,91.14,91.51,92.25,96.39,97.53,87.45,128,64,16,0.1,0,6,,0.015
cora_runt38nm6q6_GAT,88.75,88.56,91.51,91.14,91.51,92.25,88.81,88.75,88.56,91.51,91.14,91.51,92.25,96.39,97.53,87.45,128,64,16,0.1,0,7,,0.015
cora_runpqy77zh3_GAT,88.75,88.56,91.51,91.14,91.51,92.25,88.81,88.75,88.56,91.51,91.14,91.51,92.25,96.39,97.53,87.45,128,128,4,0.1,0,5,,0.015
cora_runfacg2r5p_GAT,88.75,88.56,91.51,91.14,91.51,92.25,88.81,88.75,88.56,91.51,91.14,91.51,92.25,96.39,97.53,87.45,128,128,4,0.1,0,6,,0.015
cora_runqnsd2e27_GAT,88.75,88.56,91.51,91.14,91.51,92.25,88.81,88.75,88.56,91.51,91.14,91.51,92.25,96.39,97.53,87.45,128,128,4,0.1,0,7,,0.015
cora_runsl8mu91z_GAT,88.75,88.56,91.51,91.14,91.51,92.25,88.81,88.75,88.56,91.51,91.14,91.51,92.25,96.39,97.53,87.45,128,128,2,0.1,0,5,,0.015
cora_runuqka1ekm_GAT,88.75,88.56,91.51,91.14,91.51,92.25,88.81,88.75,88.56,91.51,91.14,91.51,92.25,96.39,97.53,87.45,128,128,2,0.1,0,6,,0.015
cora_runczy7grvv_GAT,88.75,88.56,91.51,91.14,91.51,92.25,88.81,88.75,88.56,91.51,91.14,91.51,92.25,96.39,97.53,87.45,128,128,2,0.1,0,7,,0.015
cora_runmu7tu73a_GAT,88.75,88.56,91.51,91.14,91.51,92.25,88.81,88.75,88.56,91.51,91.14,91.51,92.25,96.39,97.53,90.68,128,128,8,0.1,0,5,,0.015
cora_runxce39pv1_GAT,88.75,88.56,91.51,91.14,91.51,92.25,88.81,88.75,88.56,91.51,91.14,91.51,92.25,96.39,97.53,90.68,128,128,8,0.1,0,6,,0.015
cora_runm2zmadw7_GAT,88.75,88.56,91.51,91.14,91.51,92.25,88.81,88.75,88.56,91.51,91.14,91.51,92.25,96.39,97.53,90.68,128,128,8,0.1,0,7,,0.015
cora_rundudwjnkt_GAT,88.75,88.56,91.51,91.14,91.51,92.25,88.81,88.75,88.56,91.51,91.14,91.51,92.25,96.39,97.53,90.68,128,128,16,0.1,0,5,,0.015
cora_runs07ftcfl_GAT,88.75,88.56,91.51,91.14,91.51,92.25,88.81,88.75,88.56,91.51,91.14,91.51,92.25,96.39,97.53,90.68,128,128,16,0.1,0,6,,0.015
cora_runooyyzvdh_GAT,88.75,88.56,91.51,91.14,91.51,92.25,88.81,88.75,88.56,91.51,91.14,91.51,92.25,96.39,97.53,90.68,128,128,16,0.1,0,7,,0.015
cora_runsemix88r_GAT,88.75,88.56,91.51,91.14,91.51,92.25,88.81,88.75,88.56,91.51,91.14,91.51,92.25,96.39,97.53,90.68,128,256,4,0.1,0,5,,0.015
cora_run6g9gknyz_GAT,88.75,88.56,91.51,91.14,91.51,92.25,88.81,88.75,88.56,91.51,91.14,91.51,92.25,96.39,97.53,90.68,128,256,4,0.1,0,6,,0.015
cora_runlciq05fk_GAT,88.75,88.56,91.51,91.14,91.51,92.25,88.81,88.75,88.56,91.51,91.14,91.51,92.25,96.39,97.53,90.68,128,256,4,0.1,0,7,,0.015
cora_runpeb4tsor_GAT,88.75,88.56,91.51,91.14,91.51,92.25,88.81,88.75,88.56,91.51,91.14,91.51,92.25,96.39,97.53,90.68,128,256,2,0.1,0,5,,0.015
cora_runpwqm91kk_GAT,88.75,88.56,91.51,91.14,91.51,92.25,88.81,88.75,88.56,91.51,91.14,91.51,92.25,96.39,97.53,90.68,128,256,2,0.1,0,6,,0.015
cora_runy3fctq1a_GAT,88.75,88.56,91.51,91.14,91.51,92.25,88.81,88.75,88.56,91.51,91.14,91.51,92.25,96.39,97.53,90.68,128,256,2,0.1,0,7,,0.015
cora_runzz5jtlof_GAT,88.75,88.56,91.51,91.14,91.51,92.25,88.81,88.75,88.56,91.51,91.14,91.51,92.25,96.39,97.53,90.68,128,256,8,0.1,0,5,,0.015
cora_runlzycas2x_GAT,88.75,88.56,91.51,91.14,91.51,92.25,88.81,88.75,88.56,91.51,91.14,91.51,92.25,96.39,97.53,90.68,128,256,8,0.1,0,6,,0.015
cora_run0e84u8ub_GAT,88.75,88.56,91.51,91.14,91.51,92.25,88.81,88.75,88.56,91.51,91.14,91.51,92.25,96.39,97.53,90.68,128,256,8,0.1,0,7,,0.015
cora_runwgj73cl4_GAT,88.75,88.56,91.51,91.14,91.51,92.25,88.81,88.75,88.56,91.51,91.14,91.51,92.25,96.39,97.53,84.32,128,256,16,0.1,0,5,,0.015
cora_runiw1w671w_GAT,88.75,88.56,91.51,91.14,91.51,92.25,88.81,88.75,88.56,91.51,91.14,91.51,92.25,96.39,97.53,84.32,128,256,16,0.1,0,6,,0.015
cora_run6m1sv5cq_GAT,88.75,88.56,91.51,91.14,91.51,92.25,88.81,88.75,88.56,91.51,91.14,91.51,92.25,96.39,97.53,84.32,128,256,16,0.1,0,7,,0.015
cora_run2ikwf3na_GAT,88.75,88.56,91.51,91.14,91.51,92.25,88.81,88.75,88.56,91.51,91.14,91.51,92.25,96.39,97.53,84.32,128,512,4,0.1,0,5,,0.015
cora_runz9ww5q21_GAT,88.75,85.61,91.51,91.14,91.51,92.25,88.81,88.75,85.61,91.51,91.14,91.51,92.25,96.39,97.53,84.32,128,512,4,0.1,0,6,,0.015
cora_runf07dah8m_GAT,88.75,85.61,91.51,91.14,91.51,92.25,88.81,88.75,85.61,91.51,91.14,91.51,92.25,96.39,97.53,84.32,128,512,4,0.1,0,7,,0.015
cora_run5js3ockr_GAT,88.75,85.61,91.51,91.14,91.51,92.25,88.81,88.75,85.61,91.51,91.14,91.51,92.25,96.39,97.53,84.32,128,512,2,0.1,0,5,,0.015
cora_runis31j8j4_GAT,88.56,85.61,91.51,91.14,91.51,92.25,89.36,88.56,85.61,91.51,91.14,91.51,92.25,96.39,97.53,84.32,128,512,2,0.1,0,6,,0.015
cora_run1pn8v47o_GAT,88.56,85.61,91.51,91.14,91.51,92.25,89.36,88.56,85.61,91.51,91.14,91.51,92.25,96.39,97.53,83.39,128,512,2,0.1,0,7,,0.015
cora_rung5g7k434_GAT,88.56,85.61,91.51,91.14,91.51,92.25,89.36,88.56,85.61,91.51,91.14,91.51,92.25,96.39,97.53,83.39,128,512,8,0.1,0,5,,0.015
cora_runh9dodqwc_GAT,88.56,85.61,91.51,91.14,91.51,92.25,89.36,88.56,85.61,91.51,91.14,91.51,92.25,96.39,97.53,83.39,128,512,8,0.1,0,6,,0.015
cora_run1hn7y6nj_GAT,88.56,85.61,91.51,91.14,91.51,92.25,89.36,88.56,85.61,91.51,91.14,91.51,92.25,96.39,97.53,83.39,128,512,8,0.1,0,7,,0.015
cora_run4nczgaua_GAT,88.56,85.61,91.51,91.14,91.51,92.25,89.36,88.56,85.61,91.51,91.14,91.51,92.25,96.39,97.53,83.39,128,512,16,0.1,0,5,,0.015
cora_runqyus1o2l_GAT,88.56,85.61,91.51,91.14,91.51,92.25,89.36,88.56,85.61,91.51,91.14,91.51,92.25,96.39,97.53,83.39,128,512,16,0.1,0,6,,0.015
cora_runqbiw95qm_GAT,88.56,85.61,91.51,91.14,91.51,92.25,89.36,88.56,85.61,91.51,91.14,91.51,92.25,96.39,97.53,83.39,128,512,16,0.1,0,7,,0.015
cora_rundujualik_GAT,88.56,90.04,91.51,91.14,91.51,92.25,89.36,88.56,90.04,91.51,91.14,91.51,92.25,96.39,97.53,91.61,256,64,4,0.1,0,5,,0.015
cora_run3npypkn1_GAT,88.56,90.04,91.51,91.14,91.51,92.25,89.36,88.56,90.04,91.51,91.14,91.51,92.25,96.39,97.53,91.61,256,64,4,0.1,0,6,,0.015
cora_runabynw3kx_GAT,88.56,90.04,91.51,91.14,91.51,92.25,89.36,88.56,90.04,91.51,91.14,91.51,92.25,96.39,97.53,91.61,256,64,4,0.1,0,7,,0.015
cora_runvfjl0fen_GAT,88.56,90.04,91.51,91.14,91.51,92.25,89.36,88.56,90.04,91.51,91.14,91.51,92.25,96.39,97.53,91.61,256,64,2,0.1,0,5,,0.015
cora_runa3o62cxx_GAT,88.56,90.04,91.51,91.14,91.51,92.25,89.36,88.56,90.04,91.51,91.14,91.51,92.25,96.39,97.53,91.61,256,64,2,0.1,0,6,,0.015
cora_run3s0ul1nk_GAT,88.56,90.04,91.51,91.14,91.51,92.25,89.36,88.56,90.04,91.51,91.14,91.51,92.25,96.39,97.53,91.61,256,64,2,0.1,0,7,,0.015
cora_runjn78iaes_GAT,88.56,90.04,91.51,91.14,91.51,92.25,89.36,88.56,90.04,91.51,91.14,91.51,92.25,96.39,97.53,91.33,256,64,8,0.1,0,5,,0.015
cora_runlzwrvj04_GAT,88.56,90.04,91.51,91.14,91.51,92.25,89.36,88.56,90.04,91.51,91.14,91.51,92.25,96.39,97.53,91.33,256,64,8,0.1,0,6,,0.015
cora_runqp5sx3xl_GAT,88.56,90.04,91.51,91.14,91.51,92.25,89.36,88.56,90.04,91.51,91.14,91.51,92.25,96.39,97.53,91.33,256,64,8,0.1,0,7,,0.015
cora_run7iycuk7y_GAT,88.56,90.04,91.51,91.14,91.51,92.25,89.36,88.56,90.04,91.51,91.14,91.51,92.25,96.39,97.53,91.33,256,64,16,0.1,0,5,,0.015
cora_rundlgma42x_GAT,88.56,90.04,91.51,91.14,91.51,92.25,89.36,88.56,90.04,91.51,91.14,91.51,92.25,96.39,97.53,91.33,256,64,16,0.1,0,6,,0.015
cora_runm5vg9wne_GAT,88.56,90.04,91.51,91.14,91.51,92.25,89.36,88.56,90.04,91.51,91.14,91.51,92.25,96.39,97.53,91.33,256,64,16,0.1,0,7,,0.015
cora_runh0f38pux_GAT,88.56,90.04,91.51,91.14,91.51,92.25,89.36,88.56,90.04,91.51,91.14,91.51,92.25,96.39,97.53,91.33,256,128,4,0.1,0,5,,0.015
cora_run8wgec6x4_GAT,88.56,90.04,91.51,91.14,91.51,92.25,89.36,88.56,90.04,91.51,91.14,91.51,92.25,96.39,97.53,91.33,256,128,4,0.1,0,6,,0.015
cora_runjnzser9k_GAT,88.56,90.04,91.51,91.14,91.51,92.25,89.36,88.56,90.04,91.51,91.14,91.51,92.25,96.39,97.53,91.33,256,128,4,0.1,0,7,,0.015
cora_run39iv8d1h_GAT,88.56,90.04,91.51,91.14,91.51,92.25,89.36,88.56,90.04,91.51,91.14,91.51,92.25,96.39,97.53,91.33,256,128,2,0.1,0,5,,0.015
cora_runn72etxl3_GAT,88.56,90.04,91.51,91.14,91.51,92.25,89.36,88.56,90.04,91.51,91.14,91.51,92.25,96.39,97.53,91.33,256,128,2,0.1,0,6,,0.015
cora_runnpf6fnj3_GAT,88.56,90.04,91.51,91.14,91.51,92.25,89.36,88.56,90.04,91.51,91.14,91.51,92.25,96.39,97.53,91.33,256,128,2,0.1,0,7,,0.015
cora_run1wa4ly8y_GAT,88.56,90.04,91.51,91.14,91.51,92.25,89.36,88.56,90.04,91.51,91.14,91.51,92.25,96.39,97.53,91.33,256,128,8,0.1,0,5,,0.015
cora_runvxbz6uzr_GAT,88.56,90.04,91.51,91.14,91.51,92.25,89.36,88.56,90.04,91.51,91.14,91.51,92.25,96.39,97.53,91.33,256,128,8,0.1,0,6,,0.015
cora_runed2zizgt_GAT,88.56,90.04,91.51,91.14,91.51,92.25,89.36,88.56,90.04,91.51,91.14,91.51,92.25,96.39,97.53,91.33,256,128,8,0.1,0,7,,0.015
cora_runrji32jad_GAT,88.56,90.04,91.51,91.14,91.51,92.25,89.36,88.56,90.04,91.51,91.14,91.51,92.25,96.39,97.53,91.33,256,128,16,0.1,0,5,,0.015
cora_run6f947sb5_GAT,88.56,90.04,91.51,91.14,91.51,92.25,89.36,88.56,90.04,91.51,91.14,91.51,92.25,96.39,97.53,91.33,256,128,16,0.1,0,6,,0.015
cora_run0eu1xrpz_GAT,88.56,90.04,91.51,91.14,91.51,92.25,89.36,88.56,90.04,91.51,91.14,91.51,92.25,96.39,97.53,91.33,256,128,16,0.1,0,7,,0.015
cora_runky9lvy1j_GAT,88.56,90.04,91.51,91.14,91.51,92.25,89.36,88.56,90.04,91.51,91.14,91.51,92.25,96.39,97.53,91.33,256,256,4,0.1,0,5,,0.015
cora_runmjvvtma0_GAT,88.56,90.04,91.51,91.14,91.51,92.25,89.36,88.56,90.04,91.51,91.14,91.51,92.25,96.39,97.53,91.33,256,256,4,0.1,0,6,,0.015
cora_rung87oaf22_GAT,88.56,90.04,91.51,91.14,91.51,92.25,89.36,88.56,90.04,91.51,91.14,91.51,92.25,96.39,97.53,91.33,256,256,4,0.1,0,7,,0.015
cora_run1tzwrxpn_GAT,88.56,90.04,91.51,91.14,91.51,92.25,89.36,88.56,90.04,91.51,91.14,91.51,92.25,96.39,97.53,91.33,256,256,2,0.1,0,5,,0.015
cora_runyzcnywzw_GAT,88.56,90.04,91.51,91.14,91.51,92.25,89.36,88.56,90.04,91.51,91.14,91.51,92.25,96.39,97.53,91.33,256,256,2,0.1,0,6,,0.015
cora_runy9b28o1w_GAT,88.56,90.04,91.51,91.14,91.51,92.25,89.36,88.56,90.04,91.51,91.14,91.51,92.25,96.39,97.53,91.33,256,256,2,0.1,0,7,,0.015
cora_runewbaexve_GAT,88.56,90.04,91.51,91.14,91.51,92.25,89.36,88.56,90.04,91.51,91.14,91.51,92.25,96.39,97.53,91.33,256,256,8,0.1,0,5,,0.015
cora_run6lo7pcxi_GAT,88.56,90.04,91.51,91.14,91.51,92.25,89.36,88.56,90.04,91.51,91.14,91.51,92.25,96.39,97.53,90.5,256,256,8,0.1,0,6,,0.015
cora_runuulozk9h_GAT,88.56,90.04,91.51,91.14,91.51,92.25,89.36,88.56,90.04,91.51,91.14,91.51,92.25,96.39,97.53,90.5,256,256,8,0.1,0,7,,0.015
cora_runcdcsmzp2_GAT,88.56,90.04,91.51,91.14,91.51,92.25,89.36,88.56,90.04,91.51,91.14,91.51,92.25,96.39,97.53,90.5,256,256,16,0.1,0,5,,0.015
cora_runintl7c8f_GAT,88.56,90.04,91.51,91.14,91.51,92.25,89.36,88.56,90.04,91.51,91.14,91.51,92.25,96.39,97.53,89.85,256,256,16,0.1,0,6,,0.015
cora_rundwb1q6um_GAT,88.56,90.04,91.51,91.14,91.51,92.25,89.36,88.56,90.04,91.51,91.14,91.51,92.25,96.39,97.53,89.85,256,256,16,0.1,0,7,,0.015
cora_runztvo1z8l_GAT,88.56,90.04,91.51,91.14,91.51,92.25,89.36,88.56,90.04,91.51,91.14,91.51,92.25,96.39,97.53,89.85,256,512,4,0.1,0,5,,0.015
cora_run4yqjv9bp_GAT,88.56,90.04,91.51,91.14,91.51,92.25,89.36,88.56,90.04,91.51,91.14,91.51,92.25,96.39,97.53,89.85,256,512,4,0.1,0,6,,0.015
cora_run6z4qc75g_GAT,88.56,90.04,91.51,91.14,91.51,92.25,89.36,88.56,90.04,91.51,91.14,91.51,92.25,96.39,97.53,89.85,256,512,4,0.1,0,7,,0.015
cora_runbmpvcg36_GAT,88.56,90.04,91.51,91.14,91.51,92.25,89.36,88.56,90.04,91.51,91.14,91.51,92.25,96.39,97.53,89.85,256,512,2,0.1,0,5,,0.015
cora_runapxpthay_GAT,88.56,90.04,91.51,91.14,91.51,92.25,89.36,88.56,90.04,91.51,91.14,91.51,92.25,96.39,97.53,89.85,256,512,2,0.1,0,6,,0.015
cora_runjd1v6pah_GAT,88.56,90.04,91.51,91.14,91.51,92.25,89.36,88.56,90.04,91.51,91.14,91.51,92.25,96.39,97.53,89.85,256,512,2,0.1,0,7,,0.015
cora_runjp7eg5vm_GAT,88.56,90.04,91.51,91.14,91.51,92.25,89.36,88.56,90.04,91.51,91.14,91.51,92.25,96.39,97.53,89.85,256,512,8,0.1,0,5,,0.015
cora_run7b2fgsbx_GAT,88.56,90.04,91.51,91.14,91.51,92.25,89.36,88.56,90.04,91.51,91.14,91.51,92.25,96.39,97.53,89.85,256,512,8,0.1,0,6,,0.015
cora_runil5fxhop_GAT,88.56,90.04,91.51,91.14,91.51,92.25,89.36,88.56,90.04,91.51,91.14,91.51,92.25,96.39,97.53,89.85,256,512,8,0.1,0,7,,0.015
cora_runax8gyvds_GAT,88.56,90.04,91.51,91.14,91.51,92.25,89.36,88.56,90.04,91.51,91.14,91.51,92.25,96.39,97.53,89.85,256,512,16,0.1,0,5,,0.015
cora_run7jekrznq_GAT,88.56,90.04,91.51,91.14,91.51,92.25,89.36,88.56,90.04,91.51,91.14,91.51,92.25,96.39,97.53,89.85,256,512,16,0.1,0,6,,0.015
cora_run4j1s5lkz_GAT,88.56,90.04,91.51,91.14,91.51,92.25,89.36,88.56,90.04,91.51,91.14,91.51,92.25,96.39,97.53,89.85,256,512,16,0.1,0,7,,0.015
cora_runwy7azfhp_GAT,88.56,90.04,91.51,91.14,91.51,92.25,89.36,88.56,90.04,91.51,91.14,91.51,92.25,96.39,97.53,89.85,512,64,4,0.1,0,5,,0.015
cora_runpk0b680s_GAT,88.56,90.04,91.51,91.14,91.51,92.25,89.36,88.56,90.04,91.51,91.14,91.51,92.25,96.39,97.53,89.85,512,64,4,0.1,0,6,,0.015
cora_runnwlgukhm_GAT,88.56,90.04,91.51,91.14,91.51,92.25,89.36,88.56,90.04,91.51,91.14,91.51,92.25,96.39,97.53,89.85,512,64,4,0.1,0,7,,0.015
cora_rund1fwlgaq_GAT,88.56,90.04,91.51,91.14,91.51,92.25,89.36,88.56,90.04,91.51,91.14,91.51,92.25,96.39,97.53,89.85,512,64,2,0.1,0,5,,0.015
cora_runudn7v4jn_GAT,88.56,90.04,91.51,91.14,91.51,92.25,89.36,88.56,90.04,91.51,91.14,91.51,92.25,96.39,97.53,89.85,512,64,2,0.1,0,6,,0.015
cora_runn2nmjye8_GAT,88.56,90.04,91.51,91.14,91.51,92.25,89.36,88.56,90.04,91.51,91.14,91.51,92.25,96.39,97.53,89.85,512,64,2,0.1,0,7,,0.015
cora_runkiajqq0h_GAT,88.56,90.04,91.51,91.14,91.51,92.25,89.36,88.56,90.04,91.51,91.14,91.51,92.25,96.39,97.53,89.85,512,64,8,0.1,0,5,,0.015
cora_runy0or1jds_GAT,88.56,90.04,91.51,91.14,91.51,92.25,89.36,88.56,90.04,91.51,91.14,91.51,92.25,96.39,97.53,89.85,512,64,8,0.1,0,6,,0.015
cora_runqh601gq8_GAT,88.56,90.04,91.51,91.14,91.51,92.25,89.36,88.56,90.04,91.51,91.14,91.51,92.25,96.39,97.53,89.85,512,64,8,0.1,0,7,,0.015
cora_run4c96vniy_GAT,88.56,90.04,91.51,91.14,91.51,92.25,89.36,88.56,90.04,91.51,91.14,91.51,92.25,96.39,97.53,89.85,512,64,16,0.1,0,5,,0.015
cora_runs8spp26z_GAT,88.56,90.04,91.51,91.14,91.51,92.25,89.36,88.56,90.04,91.51,91.14,91.51,92.25,96.39,97.53,89.85,512,64,16,0.1,0,6,,0.015
cora_runzg4md45u_GAT,88.56,90.04,91.51,91.14,91.51,92.25,89.36,88.56,90.04,91.51,91.14,91.51,92.25,96.39,97.53,89.85,512,64,16,0.1,0,7,,0.015
cora_runddvx9x0w_GAT,88.56,90.59,91.51,91.14,91.51,92.25,89.36,88.56,90.59,91.51,91.14,91.51,92.25,96.39,97.53,89.85,512,128,4,0.1,0,5,,0.015
cora_runtlnomctg_GAT,88.56,90.59,91.51,91.14,91.51,92.25,89.36,88.56,90.59,91.51,91.14,91.51,92.25,96.39,97.53,89.85,512,128,4,0.1,0,6,,0.015
cora_run19v6e5wj_GAT,88.56,90.59,91.51,91.14,91.51,92.25,89.36,88.56,90.59,91.51,91.14,91.51,92.25,96.39,97.53,89.85,512,128,4,0.1,0,7,,0.015
cora_runtqy48lfw_GAT,88.56,90.59,91.51,91.14,91.51,92.25,89.36,88.56,90.59,91.51,91.14,91.51,92.25,96.39,97.53,89.85,512,128,2,0.1,0,5,,0.015
cora_runs7cuj0jq_GAT,88.56,90.77,91.51,91.14,91.51,92.25,89.36,88.56,90.77,91.51,91.14,91.51,92.25,96.39,97.53,89.85,512,128,2,0.1,0,6,,0.015
cora_runw6kh5n9d_GAT,88.56,90.77,91.51,91.14,91.51,92.25,89.36,88.56,90.77,91.51,91.14,91.51,92.25,96.39,97.53,89.85,512,128,2,0.1,0,7,,0.015
cora_runvbz410te_GAT,88.56,90.77,91.51,91.14,91.51,92.25,89.36,88.56,90.77,91.51,91.14,91.51,92.25,96.39,97.53,89.85,512,128,8,0.1,0,5,,0.015
cora_runo4qtam1m_GAT,88.56,90.77,91.51,91.14,91.51,92.25,89.36,88.56,90.77,91.51,91.14,91.51,92.25,96.39,97.53,89.85,512,128,8,0.1,0,6,,0.015
cora_run5den0uqy_GAT,88.56,90.77,91.51,91.14,91.51,92.25,89.36,88.56,90.77,91.51,91.14,91.51,92.25,96.39,97.53,89.85,512,128,8,0.1,0,7,,0.015
cora_runsq9fzux3_GAT,88.56,90.77,91.51,91.14,91.51,92.25,89.36,88.56,90.77,91.51,91.14,91.51,92.25,96.39,97.53,89.85,512,128,16,0.1,0,5,,0.015
cora_run2c31wzfn_GAT,88.56,90.77,91.51,91.14,91.51,92.25,89.36,88.56,90.77,91.51,91.14,91.51,92.25,96.39,97.53,89.85,512,128,16,0.1,0,6,,0.015
cora_runtj88f7yf_GAT,88.56,90.77,91.51,91.14,91.51,92.25,89.36,88.56,90.77,91.51,91.14,91.51,92.25,96.39,97.53,89.85,512,128,16,0.1,0,7,,0.015
cora_runb89wi0ov_GAT,88.56,90.77,91.51,91.14,91.51,92.25,89.03,88.56,90.77,91.51,91.14,91.51,92.25,96.39,97.53,89.85,512,256,4,0.1,0,5,,0.015
cora_runuzu0z96d_GAT,88.56,90.77,91.51,91.14,91.51,92.25,89.03,88.56,90.77,91.51,91.14,91.51,92.25,96.39,97.53,89.85,512,256,4,0.1,0,6,,0.015
cora_runv4eybzdk_GAT,88.56,89.67,91.51,91.14,91.51,92.25,89.03,88.56,89.67,91.51,91.14,91.51,92.25,96.39,97.53,89.85,512,256,4,0.1,0,7,,0.015
cora_runz3vysfhv_GAT,88.56,89.67,91.51,91.14,91.51,92.25,89.03,88.56,89.67,91.51,91.14,91.51,92.25,96.39,97.53,89.85,512,256,2,0.1,0,5,,0.015
cora_run8pnbpf1v_GAT,88.56,89.67,91.51,91.14,91.51,92.25,89.03,88.56,89.67,91.51,91.14,91.51,92.25,96.39,97.53,89.85,512,256,2,0.1,0,6,,0.015
cora_runeyikl3qz_GAT,88.56,89.67,91.51,91.14,91.51,92.25,89.03,88.56,89.67,91.51,91.14,91.51,92.25,96.39,97.53,89.85,512,256,2,0.1,0,7,,0.015
cora_runjpa2w0ko_GAT,88.56,89.67,91.51,91.14,91.51,92.25,89.03,88.56,89.67,91.51,91.14,91.51,92.25,96.39,97.53,89.85,512,256,8,0.1,0,5,,0.015
cora_run1loa2ttt_GAT,88.56,89.67,91.51,91.14,91.51,92.25,89.03,88.56,89.67,91.51,91.14,91.51,92.25,96.39,97.53,89.85,512,256,8,0.1,0,6,,0.015
cora_runde3bdx0y_GAT,88.56,89.67,91.51,91.14,91.51,92.25,89.03,88.56,89.67,91.51,91.14,91.51,92.25,96.39,97.53,89.85,512,256,8,0.1,0,7,,0.015
cora_runsitwlj54_GAT,88.56,89.67,91.51,91.14,91.51,92.25,89.03,88.56,89.67,91.51,91.14,91.51,92.25,96.39,97.53,89.85,512,256,16,0.1,0,5,,0.015
cora_runlvqbr6cq_GAT,88.56,89.67,91.51,91.14,91.51,92.25,89.03,88.56,89.67,91.51,91.14,91.51,92.25,96.39,97.53,89.85,512,256,16,0.1,0,6,,0.015
cora_rundybnwtqn_GAT,88.56,89.67,91.51,91.14,91.51,92.25,89.03,88.56,89.67,91.51,91.14,91.51,92.25,96.39,97.53,89.85,512,256,16,0.1,0,7,,0.015
cora_runrsm5bmrj_GAT,88.56,89.67,91.51,91.14,91.51,92.25,89.03,88.56,89.67,91.51,91.14,91.51,92.25,96.39,97.53,89.85,512,512,4,0.1,0,5,,0.015
cora_runscdfiq65_GAT,88.56,89.67,91.51,91.14,91.51,92.25,89.03,88.56,89.67,91.51,91.14,91.51,92.25,96.39,97.53,89.85,512,512,4,0.1,0,6,,0.015
cora_runfl0r6s6n_GAT,88.56,89.67,91.51,91.14,91.51,92.25,89.03,88.56,89.67,91.51,91.14,91.51,92.25,96.39,97.53,89.85,512,512,4,0.1,0,7,,0.015
cora_rund5lu9tf3_GAT,88.56,89.67,91.51,91.14,91.51,92.25,89.03,88.56,89.67,91.51,91.14,91.51,92.25,96.39,97.53,89.85,512,512,2,0.1,0,5,,0.015
cora_runqs8iwmge_GAT,88.56,89.67,91.51,91.14,91.51,92.25,89.03,88.56,89.67,91.51,91.14,91.51,92.25,96.39,97.53,89.85,512,512,2,0.1,0,6,,0.015
cora_run0we7p8zo_GAT,87.45,90.04,91.51,91.51,92.62,92.62,88.3,87.45,90.04,91.51,91.51,92.62,92.62,96.47,97.47,88.47,64,64,4,0.1,0,5,,0.015
cora_run762e9ahj_GAT,88.56,89.67,91.51,91.14,91.51,92.25,89.03,88.56,89.67,91.51,91.14,91.51,92.25,96.39,97.53,89.85,512,512,2,0.1,0,7,,0.015
cora_runwcfvmuy7_GAT,88.56,89.67,91.51,91.14,91.51,92.25,89.03,88.56,89.67,91.51,91.14,91.51,92.25,96.39,97.53,89.85,512,512,8,0.1,0,5,,0.015
cora_runx0rtfsvk_GAT,88.56,89.67,91.51,91.14,91.51,92.25,89.03,88.56,89.67,91.51,91.14,91.51,92.25,96.39,97.53,89.85,512,512,8,0.1,0,6,,0.015
cora_runw67xkjp6_GAT,88.56,89.67,91.51,91.14,91.51,92.25,89.03,88.56,89.67,91.51,91.14,91.51,92.25,96.39,97.53,89.85,512,512,8,0.1,0,7,,0.015
cora_runvfktgvvk_GAT,61.44,88.38,91.33,91.51,92.62,92.8,83.18,61.44,88.38,91.33,91.51,92.62,92.8,96.47,97.47,88.47,64,64,4,0.1,0,6,,0.015
cora_run0nvph6qq_GAT,88.56,89.67,91.51,91.14,91.51,92.25,89.03,88.56,89.67,91.51,91.14,91.51,92.25,96.39,97.53,89.85,512,512,16,0.1,0,5,,0.015
cora_run2sqmflky_GAT,88.56,89.67,91.51,91.14,91.51,92.25,89.03,88.56,89.67,91.51,91.14,91.51,92.25,96.39,97.53,89.85,512,512,16,0.1,0,6,,0.015
cora_runev4um19l_GAT,88.56,89.67,91.51,91.14,91.51,92.25,89.03,88.56,89.67,91.51,91.14,91.51,92.25,96.39,97.53,89.85,512,512,16,0.1,0,7,,0.015
cora_runqs9aw2w8_GAT,61.44,88.38,90.41,91.51,92.62,92.8,83.18,61.44,88.38,90.41,91.51,92.62,92.8,96.47,97.47,88.47,64,64,4,0.1,0,7,,0.015
cora_rungsehgr6q_GAT,84.32,88.93,90.41,91.51,92.25,92.44,81.87,84.32,88.93,90.41,91.51,92.25,92.44,96.48,97.5,84.87,64,64,4,0.1,0,5,,0.015
cora_run761r6l9p_GAT,74.91,86.72,89.67,91.51,92.25,92.44,82.03,74.91,86.72,89.67,91.51,92.25,92.44,96.48,97.5,84.87,64,64,4,0.1,0,6,,0.015
cora_run56fm8sjy_GAT,74.91,86.72,90.22,91.51,91.51,91.88,82.03,74.91,86.72,90.22,91.51,91.51,91.88,96.48,97.5,84.87,64,64,4,0.1,0,7,,0.015
cora_runlpnuc24t_GAT,74.91,87.45,90.22,91.7,91.51,91.88,82.03,74.91,87.45,90.22,91.7,91.51,91.88,96.48,97.5,84.87,64,64,2,0.1,0,5,,0.015
cora_runhoe9a4qz_GAT,88.19,89.11,90.41,91.51,92.62,92.8,89.23,88.19,89.11,90.41,91.51,92.62,92.8,96.47,97.47,86.81,64,64,2,0.1,0,5,,0.015
cora_run8exigrpg_GAT,88.19,88.19,90.59,91.51,92.62,92.8,89.23,88.19,88.19,90.59,91.51,92.62,92.8,96.47,97.37,86.72,64,64,2,0.1,0,6,,0.015
cora_runekq7bxr9_GAT,88.19,88.19,90.59,91.51,92.62,92.8,89.23,88.19,88.19,90.59,91.51,92.62,92.8,96.47,97.37,86.72,64,64,2,0.1,0,7,,0.015
cora_run3tgxesh0_GAT,88.19,88.19,90.59,91.51,92.62,92.8,89.23,88.19,88.19,90.59,91.51,92.62,92.8,96.47,97.37,86.72,64,64,8,0.1,0,5,,0.015
cora_run0m0hk67f_GAT,88.19,88.19,90.77,91.51,92.62,92.8,89.23,88.19,88.19,90.77,91.51,92.62,92.8,96.47,97.37,86.72,64,64,8,0.1,0,6,,0.015
cora_runyeii3dpo_GAT,88.19,88.19,90.77,91.51,92.62,92.8,89.23,88.19,88.19,90.77,91.51,92.62,92.8,96.47,97.37,86.72,64,64,8,0.1,0,7,,0.015
cora_run352qisym_GAT,88.19,88.19,90.22,91.51,92.62,92.8,89.23,88.19,88.19,90.22,91.51,92.62,92.8,96.47,97.37,86.72,64,64,16,0.1,0,5,,0.015
cora_runzanfbcvi_GAT,88.19,88.19,90.22,91.51,92.62,92.8,89.23,88.19,88.19,90.22,91.51,92.62,92.8,96.47,97.37,86.72,64,64,16,0.1,0,6,,0.015
cora_runfw7twb1w_GAT,88.19,88.19,90.22,91.51,92.62,92.8,89.23,88.19,88.19,90.22,91.51,92.62,92.8,96.47,97.37,86.72,64,64,16,0.1,0,7,,0.015
cora_runvju8c7vu_GAT,88.19,88.19,90.22,91.51,92.62,92.8,89.23,88.19,88.19,90.22,91.51,92.62,92.8,96.47,97.37,86.72,64,128,4,0.1,0,5,,0.015
cora_runu0r2broo_GAT,88.19,88.19,90.22,91.51,92.62,92.8,89.23,88.19,88.19,90.22,91.51,92.62,92.8,96.47,97.37,89.94,64,128,4,0.1,0,6,,0.015
cora_runfbpzk66v_GAT,88.19,88.19,90.22,91.51,92.62,92.8,89.23,88.19,88.19,90.22,91.51,92.62,92.8,96.47,97.37,89.94,64,128,4,0.1,0,7,,0.015
cora_runlxg8viu3_GAT,88.19,88.19,90.22,91.51,92.62,92.8,89.23,88.19,88.19,90.22,91.51,92.62,92.8,96.47,97.37,89.94,64,128,2,0.1,0,5,,0.015
cora_run9gn7yw8i_GAT,88.19,88.19,90.22,91.51,92.62,92.8,89.23,88.19,88.19,90.22,91.51,92.62,92.8,96.47,97.37,89.94,64,128,2,0.1,0,6,,0.015
cora_run8i9ty8vs_GAT,88.19,88.19,90.22,91.51,91.88,91.88,89.23,88.19,88.19,90.22,91.51,91.88,91.88,96.47,97.37,89.94,64,128,2,0.1,0,7,,0.015
cora_run3lv1kybn_GAT,88.19,88.19,90.22,91.51,91.88,91.88,89.23,88.19,88.19,90.22,91.51,91.88,91.88,96.47,97.37,89.94,64,128,8,0.1,0,5,,0.015
cora_runrb8l4ngz_GAT,88.19,88.19,90.22,91.51,91.88,91.88,89.23,88.19,88.19,90.22,91.51,91.88,91.88,96.47,97.37,89.94,64,128,8,0.1,0,6,,0.015
cora_runpmrqllg2_GAT,88.19,88.19,91.14,91.51,91.88,91.88,89.23,88.19,88.19,91.14,91.51,91.88,91.88,96.47,97.37,89.94,64,128,8,0.1,0,7,,0.015
cora_run3awgnuem_GAT,88.19,88.19,91.14,91.51,91.88,91.88,89.23,88.19,88.19,91.14,91.51,91.88,91.88,96.47,97.37,89.94,64,128,16,0.1,0,5,,0.015
cora_run2dan9b7e_GAT,88.19,88.19,91.14,91.51,91.88,91.88,89.23,88.19,88.19,91.14,91.51,91.88,91.88,96.47,97.37,89.94,64,128,16,0.1,0,6,,0.015
cora_run6vb6fx84_GAT,88.19,88.19,91.14,91.51,91.88,91.88,89.23,88.19,88.19,91.14,91.51,91.88,91.88,96.47,97.37,89.94,64,128,16,0.1,0,7,,0.015
cora_runkjq8wd4s_GAT,88.19,88.19,91.14,90.96,91.88,91.88,89.23,88.19,88.19,91.14,90.96,91.88,91.88,96.47,97.37,89.94,64,256,4,0.1,0,5,,0.015
cora_runfcryiq3b_GAT,88.19,88.19,91.14,90.96,91.88,91.88,89.23,88.19,88.19,91.14,90.96,91.88,91.88,96.47,97.47,89.85,64,256,4,0.1,0,6,,0.015
cora_runddqfa4oi_GAT,88.19,88.19,91.14,90.96,91.88,91.88,89.23,88.19,88.19,91.14,90.96,91.88,91.88,96.47,97.47,89.85,64,256,4,0.1,0,7,,0.015
cora_runiyhlrlvw_GAT,88.19,88.19,91.14,90.96,91.88,92.8,89.23,88.19,88.19,91.14,90.96,91.88,92.8,96.47,97.47,89.85,64,256,2,0.1,0,5,,0.015
cora_runha29xuj7_GAT,88.19,88.19,91.14,90.96,91.88,92.8,89.23,88.19,88.19,91.14,90.96,91.88,92.8,96.47,97.47,89.85,64,256,2,0.1,0,6,,0.015
cora_runlracetm8_GAT,88.19,88.19,91.14,90.96,91.88,92.8,89.23,88.19,88.19,91.14,90.96,91.88,92.8,96.47,97.47,89.85,64,256,2,0.1,0,7,,0.015
cora_run2xc3zj8v_GAT,88.19,88.19,91.14,90.96,91.88,92.8,89.23,88.19,88.19,91.14,90.96,91.88,92.8,96.47,97.47,89.85,64,256,8,0.1,0,5,,0.015
cora_runco7h5fh6_GAT,88.19,88.19,91.14,90.96,91.88,92.8,89.23,88.19,88.19,91.14,90.96,91.88,92.8,96.47,97.47,89.85,64,256,8,0.1,0,6,,0.015
cora_runx6a5mcve_GAT,88.19,88.19,91.14,90.96,91.88,92.8,89.23,88.19,88.19,91.14,90.96,91.88,92.8,96.47,97.47,89.85,64,256,8,0.1,0,7,,0.015
cora_runitjietje_GAT,88.19,88.19,91.14,90.96,91.88,92.8,89.23,88.19,88.19,91.14,90.96,91.88,92.8,96.47,97.47,89.85,64,256,16,0.1,0,5,,0.015
cora_runtp398ntb_GAT,88.19,88.19,91.14,90.96,91.88,92.8,89.23,88.19,88.19,91.14,90.96,91.88,92.8,96.47,97.47,89.85,64,256,16,0.1,0,6,,0.015
cora_run2ww3niux_GAT,88.19,88.19,91.14,90.96,91.88,92.8,89.23,88.19,88.19,91.14,90.96,91.88,92.8,96.47,97.47,89.85,64,256,16,0.1,0,7,,0.015
cora_runpf7pey28_GAT,88.19,88.19,91.14,90.96,91.88,92.8,89.23,88.19,88.19,91.14,90.96,91.88,92.8,96.47,97.47,89.85,64,512,4,0.1,0,5,,0.015
cora_runvvuwj5sr_GAT,88.19,88.19,91.14,90.96,91.88,92.8,89.23,88.19,88.19,91.14,90.96,91.88,92.8,96.47,97.47,89.85,64,512,4,0.1,0,6,,0.015
cora_run08ugebt1_GAT,88.19,88.19,91.14,90.96,91.88,92.8,89.23,88.19,88.19,91.14,90.96,91.88,92.8,96.47,97.47,89.85,64,512,4,0.1,0,7,,0.015
cora_run5pgs5wp9_GAT,88.19,88.19,91.14,90.96,91.88,92.8,89.23,88.19,88.19,91.14,90.96,91.88,92.8,96.47,97.47,89.85,64,512,2,0.1,0,5,,0.015
cora_run831m4pif_GAT,88.19,88.19,91.14,90.96,91.88,92.8,89.23,88.19,88.19,91.14,90.96,91.88,92.8,96.29,97.37,89.85,64,512,2,0.1,0,6,,0.015
cora_runc1hnzne4_GAT,88.19,88.19,91.14,90.96,91.88,92.8,89.23,88.19,88.19,91.14,90.96,91.88,92.8,96.29,97.37,89.85,64,512,2,0.1,0,7,,0.015
cora_runp0gqrjoo_GAT,88.19,88.19,91.14,90.96,91.88,92.8,89.23,88.19,88.19,91.14,90.96,91.88,92.8,96.29,97.37,89.85,64,512,8,0.1,0,5,,0.015
cora_runm6dq28bl_GAT,81.92,88.19,91.14,90.96,91.88,92.8,85.01,81.92,88.19,91.14,90.96,91.88,92.8,96.29,97.37,89.85,64,512,8,0.1,0,6,,0.015
cora_runjo7m00hg_GAT,81.92,88.19,91.14,90.96,91.88,92.8,85.01,81.92,88.19,91.14,90.96,91.88,92.8,96.29,97.37,89.85,64,512,8,0.1,0,7,,0.015
cora_rune43j91vw_GAT,81.92,88.19,91.14,90.96,91.88,92.8,85.01,81.92,88.19,91.14,90.96,91.88,92.8,96.29,97.37,89.85,64,512,16,0.1,0,5,,0.015
cora_runjdw145mc_GAT,81.92,88.19,91.14,90.96,91.88,92.8,85.01,81.92,88.19,91.14,90.96,91.88,92.8,96.29,97.37,89.85,64,512,16,0.1,0,6,,0.015
cora_run172mcp9z_GAT,81.92,88.19,91.14,90.96,91.88,92.8,85.01,81.92,88.19,91.14,90.96,91.88,92.8,96.29,97.37,89.85,64,512,16,0.1,0,7,,0.015
cora_runnfy79egx_GAT,81.92,88.19,91.33,90.96,91.88,92.8,85.01,81.92,88.19,91.33,90.96,91.88,92.8,96.29,97.37,89.85,128,64,4,0.1,0,5,,0.015
cora_run4wfwam5y_GAT,81.92,89.3,91.33,90.96,91.88,92.8,85.01,81.92,89.3,91.33,90.96,91.88,92.8,96.29,97.37,91.51,128,64,4,0.1,0,6,,0.015
cora_runhx53k9xo_GAT,81.92,88.93,91.33,90.96,91.88,92.8,85.01,81.92,88.93,91.33,90.96,91.88,92.8,96.29,97.37,91.51,128,64,4,0.1,0,7,,0.015
cora_runfrp8qq7i_GAT,81.92,90.22,91.33,90.96,91.88,92.8,85.01,81.92,90.22,91.33,90.96,91.88,92.8,96.29,97.37,91.51,128,64,2,0.1,0,5,,0.015
cora_runqonqy3vp_GAT,88.19,90.22,91.14,90.96,91.88,92.8,88.91,88.19,90.22,91.14,90.96,91.88,92.8,96.29,97.37,91.51,128,64,2,0.1,0,6,,0.015
cora_run46t6gwga_GAT,88.19,90.22,91.14,90.96,91.88,92.8,88.91,88.19,90.22,91.14,90.96,91.88,92.8,96.29,97.37,91.51,128,64,2,0.1,0,7,,0.015
cora_rund2bqh9ln_GAT,88.19,90.22,91.14,90.96,91.88,92.8,88.91,88.19,90.22,91.14,90.96,91.88,92.8,96.29,97.37,91.51,128,64,8,0.1,0,5,,0.015
cora_runaekjcv1d_GAT,88.19,90.22,91.14,90.96,91.88,92.8,88.91,88.19,90.22,91.14,90.96,91.88,92.8,96.29,97.37,91.42,128,64,8,0.1,0,6,,0.015
cora_runnl29fbq3_GAT,88.19,90.22,91.14,90.96,91.88,92.8,88.91,88.19,90.22,91.14,90.96,91.88,92.8,96.29,97.37,91.42,128,64,8,0.1,0,7,,0.015
cora_runfpry62pe_GAT,88.19,90.22,91.14,90.96,91.88,92.8,88.91,88.19,90.22,91.14,90.96,91.88,92.8,96.29,97.37,91.42,128,64,16,0.1,0,5,,0.015
cora_runba6lp5qe_GAT,88.19,90.22,91.14,90.96,91.88,92.8,88.91,88.19,90.22,91.14,90.96,91.88,92.8,96.29,97.37,87.92,128,64,16,0.1,0,6,,0.015
cora_runm4tjfcrt_GAT,88.38,90.04,91.14,90.96,91.88,92.8,89.59,88.38,90.04,91.14,90.96,91.88,92.8,96.29,97.37,87.92,128,64,16,0.1,0,7,,0.015
cora_run7ivhg54n_GAT,88.38,90.04,91.14,90.96,91.88,92.8,89.59,88.38,90.04,91.14,90.96,91.88,92.8,96.29,97.37,87.92,128,128,4,0.1,0,5,,0.015
cora_runkt3ziv0z_GAT,88.38,90.04,91.14,90.96,91.88,92.8,89.59,88.38,90.04,91.14,90.96,91.88,92.8,96.29,97.37,87.92,128,128,4,0.1,0,6,,0.015
cora_runbalj9bsu_GAT,88.38,90.04,91.14,90.96,91.88,92.8,89.59,88.38,90.04,91.14,90.96,91.88,92.8,96.29,97.37,87.92,128,128,4,0.1,0,7,,0.015
cora_runel7xa53e_GAT,88.38,90.04,91.14,90.96,91.88,92.8,89.59,88.38,90.04,91.14,90.96,91.88,92.8,96.29,97.37,87.92,128,128,2,0.1,0,5,,0.015
cora_run8kmqjltl_GAT,88.38,90.04,91.14,90.96,91.88,92.8,89.59,88.38,90.04,91.14,90.96,91.88,92.8,96.29,97.37,87.92,128,128,2,0.1,0,6,,0.015
cora_runvnkt5j4l_GAT,88.38,90.04,91.14,90.96,91.88,92.8,89.59,88.38,90.04,91.14,90.96,91.88,92.8,96.29,97.37,87.92,128,128,2,0.1,0,7,,0.015
cora_runnbid5u7n_GAT,88.38,88.93,91.14,90.96,91.88,92.8,89.59,88.38,88.93,91.14,90.96,91.88,92.8,96.29,97.37,87.92,128,128,8,0.1,0,5,,0.015
cora_runlfqqw7av_GAT,88.38,88.93,91.14,90.96,91.88,92.8,89.59,88.38,88.93,91.14,90.96,91.88,92.8,96.29,97.37,90.5,128,128,8,0.1,0,6,,0.015
cora_runtly58o81_GAT,88.38,88.93,90.77,90.96,91.88,92.8,89.59,88.38,88.93,90.77,90.96,91.88,92.8,96.29,97.37,90.5,128,128,8,0.1,0,7,,0.015
cora_run7o5z3moc_GAT,88.38,88.93,90.77,90.96,91.88,92.8,89.59,88.38,88.93,90.77,90.96,91.88,92.8,96.29,97.37,90.5,128,128,16,0.1,0,5,,0.015
cora_runshfw165f_GAT,88.38,88.93,90.77,90.96,91.88,92.8,89.59,88.38,88.93,90.77,90.96,91.88,92.8,96.29,97.37,90.5,128,128,16,0.1,0,6,,0.015
cora_run3elovexj_GAT,88.38,88.93,90.77,90.96,91.88,92.8,89.59,88.38,88.93,90.77,90.96,91.88,92.8,96.29,97.37,90.5,128,128,16,0.1,0,7,,0.015
cora_runpt61v010_GAT,88.38,88.93,90.77,90.96,91.88,92.8,89.59,88.38,88.93,90.77,90.96,91.88,92.8,96.29,97.37,90.5,128,256,4,0.1,0,5,,0.015
cora_runtpgzjhh9_GAT,88.38,88.93,90.77,90.96,91.88,92.8,89.59,88.38,88.93,90.77,90.96,91.88,92.8,96.29,97.37,90.5,128,256,4,0.1,0,6,,0.015
cora_runbjvqyvqu_GAT,88.38,88.93,90.77,90.96,91.88,92.8,89.59,88.38,88.93,90.77,90.96,91.88,92.8,96.29,97.37,82.56,128,256,4,0.1,0,7,,0.015
cora_runiye2si1e_GAT,88.38,88.93,90.77,90.96,91.88,92.8,89.59,88.38,88.93,90.77,90.96,91.88,92.8,96.29,97.37,82.56,128,256,2,0.1,0,5,,0.015
cora_runcwd34031_GAT,88.38,88.93,90.77,90.96,91.88,92.8,89.59,88.38,88.93,90.77,90.96,91.88,92.8,96.29,97.37,82.56,128,256,2,0.1,0,6,,0.015
cora_runb3cn6ddq_GAT,88.38,88.93,90.77,90.96,91.88,92.8,89.59,88.38,88.93,90.77,90.96,91.88,92.8,96.29,97.37,82.56,128,256,2,0.1,0,7,,0.015
cora_run73vypcmp_GAT,88.38,89.48,90.77,90.96,91.88,92.8,89.59,88.38,89.48,90.77,90.96,91.88,92.8,96.29,97.37,82.56,128,256,8,0.1,0,5,,0.015
cora_runhfm1rbmo_GAT,88.38,89.48,90.77,90.96,91.88,92.8,89.59,88.38,89.48,90.77,90.96,91.88,92.8,96.29,97.37,82.56,128,256,8,0.1,0,6,,0.015
cora_run2whxp1tu_GAT,88.38,89.48,90.77,90.96,91.88,92.8,89.59,88.38,89.48,90.77,90.96,91.88,92.8,96.29,97.37,82.56,128,256,8,0.1,0,7,,0.015
cora_runrvybdo17_GAT,88.38,89.48,90.77,90.96,91.88,92.8,89.59,88.38,89.48,90.77,90.96,91.88,92.8,96.29,97.37,82.56,128,256,16,0.1,0,5,,0.015
Best,90.22,90.77,91.51,92.07,92.62,92.8,90.52,90.22,90.77,91.51,92.07,92.62,92.8,96.67,97.65,93.45,512,512,16,0.2,0,7,16384.0,0.1
