Metric,Hits@1,Hits@3,Hits@10,Hits@20,Hits@50,Hits@100,MRR,mrr_hit1,mrr_hit3,mrr_hit10,mrr_hit20,mrr_hit50,mrr_hit100,AUC,AP,ACC,out_channels,hidden_channels,heads,negative_slope,dropout,num_layers,base_lr,score_num_layers_predictor,score_gin_mlp_layer,score_hidden_channels,score_out_channels,score_num_layers,score_dropout,product,epochs,train_time,test_time,params
cora_runrorik3ki_GAT_Variant,89.48,92.8,97.79,98.52,98.15,99.45,91.88,89.48,92.8,97.79,98.52,98.15,99.45,99.72,99.76,97.05,64,32,8,0.1,0.0,3,0.015,3,2,64,1,3,0.1,dot,2000,1.161254644393921,1.3544447422027588,57697
cora_runwvivt6xd_GAT_Variant,89.48,93.54,96.86,97.05,98.34,99.26,91.91,89.48,93.54,96.86,97.05,98.34,99.26,99.77,99.78,96.59,32,8,4,0.1,0.1,3,0.015,3,2,64,1,3,0.1,inner,2000,1.1679296493530271,1.2577846050262451,11928
cora_runrorik3ki_GAT_Variant,89.48,92.8,97.79,98.52,98.15,99.45,91.88,89.48,92.8,97.79,98.52,98.15,99.45,99.72,99.76,97.05,64,32,8,0.1,0.1,1,0.015,3,2,64,1,3,0.1,inner,2000,0.7562987804412842,0.7786316871643066,91904
cora_runlu052ksb_GAT_Variant,89.48,93.54,97.79,98.52,98.15,99.26,91.87,89.48,93.54,97.79,98.52,98.15,99.26,99.66,99.8,97.05,64,32,4,0.1,0.0,2,0.015,3,2,64,1,3,0.1,dot,2000,0.7895336151123047,0.8180770874023438,56577
cora_runrorik3ki_GAT_Variant,95.57,92.8,97.79,98.52,98.15,99.45,95.85,95.57,92.8,97.79,98.52,98.15,99.45,99.72,99.79,97.05,64,32,8,0.1,0.1,1,0.015,3,2,64,1,3,0.1,dot,2000,0.7241024971008301,0.8239085674285889,100289
cora_runwvivt6xd_GAT_Variant,89.48,93.54,96.86,97.05,98.34,99.26,91.91,89.48,93.54,96.86,97.05,98.34,99.26,99.77,99.78,96.59,32,8,4,0.1,0.1,3,0.015,3,2,64,1,3,0.1,dot,2000,1.7168352603912354,1.8438315391540527,18265
cora_runlu052ksb_GAT_Variant,89.48,93.54,97.79,98.52,98.15,99.26,91.87,89.48,93.54,97.79,98.52,98.15,99.26,99.66,99.8,97.05,64,32,4,0.1,0.0,3,0.015,3,2,64,1,3,0.1,inner,2000,1.3506572246551514,1.4457285404205322,49312
cora_run732fj4mw_GAT_Variant,10.15,47.79,77.12,89.11,97.6,98.52,57.92,10.15,47.79,77.12,89.11,97.6,98.52,98.51,98.46,87.55,32,32,4,0.1,0.0,1,0.015,3,2,64,1,3,0.1,inner,2000,0.2418434619903564,0.2647686004638672,45952
cora_runrorik3ki_GAT_Variant,95.57,92.8,97.79,98.52,98.15,99.45,95.85,95.57,92.8,97.79,98.52,98.15,99.45,99.72,99.79,97.05,64,32,8,0.1,0.1,2,0.015,3,2,64,1,3,0.1,inner,2000,0.8365981578826904,1.0345375537872314,48192
cora_runwvivt6xd_GAT_Variant,89.48,93.54,96.86,97.05,98.34,99.26,91.91,89.48,93.54,96.86,97.05,98.34,99.26,99.77,99.78,96.59,32,8,8,0.1,0.0,1,0.015,3,2,64,1,3,0.1,inner,2000,0.7121388912200928,0.7302491664886475,45952
cora_runlu052ksb_GAT_Variant,89.48,93.54,97.79,98.52,98.15,99.26,91.87,89.48,93.54,97.79,98.52,98.15,99.26,99.66,99.8,97.05,64,32,4,0.1,0.0,3,0.015,3,2,64,1,3,0.1,dot,2000,0.8249707221984863,0.8815608024597168,57697
cora_runwvivt6xd_GAT_Variant,89.48,93.54,96.86,97.05,98.15,99.26,91.91,89.48,93.54,96.86,97.05,98.15,99.26,99.66,99.69,96.59,32,8,8,0.1,0.0,1,0.015,3,2,64,1,3,0.1,dot,2000,0.726017951965332,0.7547059059143066,52289
cora_runrorik3ki_GAT_Variant,95.57,92.8,97.79,98.52,98.15,99.45,95.85,95.57,92.8,97.79,98.52,98.15,99.45,99.72,99.79,97.05,64,32,8,0.1,0.1,2,0.015,3,2,64,1,3,0.1,dot,2000,0.568842887878418,0.6291320323944092,56577
cora_runlu052ksb_GAT_Variant,89.48,93.54,97.79,98.52,98.15,99.26,91.87,89.48,93.54,97.79,98.52,98.15,99.26,99.66,99.8,97.05,64,32,4,0.1,0.1,1,0.015,3,2,64,1,3,0.1,inner,2000,0.6992313861846924,0.717991828918457,91904
cora_runwvivt6xd_GAT_Variant,89.48,93.54,96.86,97.05,98.15,99.26,91.91,89.48,93.54,96.86,97.05,98.15,99.26,99.66,99.69,96.59,32,8,8,0.1,0.0,2,0.015,3,2,64,1,3,0.1,inner,2000,0.6276302337646484,0.7574188709259033,11840
cora_run732fj4mw_GAT_Variant,84.13,95.2,96.31,97.6,97.97,99.08,89.0,84.13,95.2,96.31,97.6,97.97,99.08,99.31,99.48,97.32,32,32,4,0.1,0.0,1,0.015,3,2,64,1,3,0.1,dot,2000,0.5932767391204834,0.6034672260284424,52289
cora_runlu052ksb_GAT_Variant,89.48,93.54,97.79,98.52,98.15,99.45,91.87,89.48,93.54,97.79,98.52,98.15,99.45,99.72,99.76,97.05,64,32,4,0.1,0.1,1,0.015,3,2,64,1,3,0.1,dot,2000,0.7299761772155762,0.7496352195739746,100289
cora_runrorik3ki_GAT_Variant,95.57,92.8,97.79,98.52,98.15,99.45,95.85,95.57,92.8,97.79,98.52,98.15,99.45,99.72,99.79,97.05,64,32,8,0.1,0.1,3,0.015,3,2,64,1,3,0.1,inner,2000,1.3850977420806885,1.4900233745574951,49312
cora_runwvivt6xd_GAT_Variant,89.48,93.54,96.86,97.05,98.15,99.26,91.91,89.48,93.54,96.86,97.05,98.15,99.26,99.66,99.69,96.59,32,8,8,0.1,0.0,2,0.015,3,2,64,1,3,0.1,dot,2000,0.8905613422393799,1.0123047828674316,18177
cora_runlu052ksb_GAT_Variant,89.48,93.54,97.79,98.52,98.15,99.45,91.87,89.48,93.54,97.79,98.52,98.15,99.45,99.72,99.76,97.05,64,32,4,0.1,0.1,2,0.015,3,2,64,1,3,0.1,inner,2000,0.9216759204864502,0.9518365859985352,48192
cora_runrorik3ki_GAT_Variant,95.57,92.8,97.79,98.52,98.15,99.45,95.85,95.57,92.8,97.79,98.52,98.15,99.45,99.72,99.79,97.05,64,32,8,0.1,0.1,3,0.015,3,2,64,1,3,0.1,dot,2000,1.3729887008666992,1.4297206401824951,57697
cora_runwvivt6xd_GAT_Variant,89.48,93.54,96.86,97.05,98.15,99.26,91.91,89.48,93.54,96.86,97.05,98.15,99.26,99.66,99.69,96.59,32,8,8,0.1,0.0,3,0.015,3,2,64,1,3,0.1,inner,2000,1.09911847114563,1.158745527267456,11928
cora_run732fj4mw_GAT_Variant,84.13,95.2,96.31,97.6,97.97,99.08,89.0,84.13,95.2,96.31,97.6,97.97,99.08,99.31,99.48,97.32,32,32,4,0.1,0.0,2,0.015,3,2,64,1,3,0.1,inner,2000,0.2991940975189209,0.6243462562561035,47072
cora_runlu052ksb_GAT_Variant,89.48,93.54,97.79,98.52,98.15,99.45,91.87,89.48,93.54,97.79,98.52,98.15,99.45,99.72,99.76,97.05,64,32,4,0.1,0.1,2,0.015,3,2,64,1,3,0.1,dot,2000,1.106487512588501,1.403207540512085,56577
cora_runrorik3ki_GAT_Variant,95.57,92.8,97.79,98.52,98.15,99.45,95.85,95.57,92.8,97.79,98.52,98.15,99.45,99.72,99.79,97.05,64,8,4,0.1,0.0,1,0.015,3,2,64,1,3,0.1,inner,2000,0.50773024559021,0.581679105758667,91904
cora_runrorik3ki_GAT_Variant,95.57,92.8,97.79,98.52,98.15,99.45,95.85,95.57,92.8,97.79,98.52,98.15,99.45,99.72,99.79,97.05,64,8,4,0.1,0.0,1,0.015,3,2,64,1,3,0.1,dot,2000,0.6128113269805908,0.7078037261962891,100289
cora_runwvivt6xd_GAT_Variant,89.48,93.54,96.86,97.05,98.15,99.26,91.91,89.48,93.54,96.86,97.05,98.15,99.26,99.66,99.69,96.59,32,8,8,0.1,0.0,3,0.015,3,2,64,1,3,0.1,dot,2000,0.7476372718811035,0.8399693965911865,18265
cora_runlu052ksb_GAT_Variant,89.48,93.54,97.79,98.52,98.15,99.45,91.87,89.48,93.54,97.79,98.52,98.15,99.45,99.72,99.76,97.05,64,32,4,0.1,0.1,3,0.015,3,2,64,1,3,0.1,inner,2000,0.7905230522155762,0.8270690441131592,49312
cora_runwvivt6xd_GAT_Variant,89.48,93.54,96.86,97.05,98.15,99.26,91.91,89.48,93.54,96.86,97.05,98.15,99.26,99.66,99.69,96.59,32,8,8,0.1,0.1,1,0.015,3,2,64,1,3,0.1,inner,2000,0.4774003028869629,0.5054633617401123,45952
cora_runrorik3ki_GAT_Variant,95.57,92.8,97.79,98.52,98.15,99.45,95.85,95.57,92.8,97.79,98.52,98.15,99.45,99.72,99.79,97.05,64,8,4,0.1,0.0,2,0.015,3,2,64,1,3,0.1,inner,2000,1.1169557571411133,1.2509377002716064,12192
cora_run732fj4mw_GAT_Variant,84.13,95.2,96.31,97.6,97.97,99.08,89.0,84.13,95.2,96.31,97.6,97.97,99.08,99.31,99.48,97.32,32,32,4,0.1,0.0,2,0.015,3,2,64,1,3,0.1,dot,2000,0.3544127941131592,0.5001273155212402,53409
cora_runlu052ksb_GAT_Variant,89.48,93.54,97.79,98.52,98.15,99.45,91.87,89.48,93.54,97.79,98.52,98.15,99.45,99.72,99.76,97.05,64,32,4,0.1,0.1,3,0.015,3,2,64,1,3,0.1,dot,2000,0.7759301662445068,0.8275051116943359,57697
cora_runwvivt6xd_GAT_Variant,89.48,93.54,96.86,97.23,98.15,99.26,91.91,89.48,93.54,96.86,97.23,98.15,99.26,99.66,99.69,97.05,32,8,8,0.1,0.1,1,0.015,3,2,64,1,3,0.1,dot,2000,1.0395896434783936,1.064117193222046,52289
cora_runrorik3ki_GAT_Variant,95.57,92.8,97.79,98.52,98.15,99.45,95.85,95.57,92.8,97.79,98.52,98.15,99.45,99.72,99.79,97.05,64,8,4,0.1,0.0,2,0.015,3,2,64,1,3,0.1,dot,2000,0.9642093181610109,0.9972295761108398,20577
cora_runlu052ksb_GAT_Variant,89.48,93.54,97.79,98.52,98.15,99.45,91.87,89.48,93.54,97.79,98.52,98.15,99.45,99.72,99.76,97.05,64,32,8,0.1,0.0,1,0.015,3,2,64,1,3,0.1,inner,2000,0.6664943695068359,0.7624335289001465,91904
cora_runwvivt6xd_GAT_Variant,89.48,93.54,96.86,97.23,98.15,99.26,91.91,89.48,93.54,96.86,97.23,98.15,99.26,99.66,99.69,97.05,32,8,8,0.1,0.1,2,0.015,3,2,64,1,3,0.1,inner,2000,1.10439133644104,1.2519993782043457,11840
cora_runlu052ksb_GAT_Variant,89.48,93.54,97.79,98.52,98.15,99.45,91.87,89.48,93.54,97.79,98.52,98.15,99.45,99.72,99.76,97.05,64,32,8,0.1,0.0,1,0.015,3,2,64,1,3,0.1,dot,2000,0.9537148475646972,1.0120375156402588,100289
cora_runrorik3ki_GAT_Variant,95.57,92.8,97.79,98.52,98.15,99.45,95.85,95.57,92.8,97.79,98.52,98.15,99.45,99.72,99.79,97.05,64,8,4,0.1,0.0,3,0.015,3,2,64,1,3,0.1,inner,2000,1.2088522911071775,1.277268886566162,12280
cora_runwvivt6xd_GAT_Variant,89.48,93.54,96.86,97.23,98.15,99.26,91.91,89.48,93.54,96.86,97.23,98.15,99.26,99.66,99.69,97.05,32,8,8,0.1,0.1,2,0.015,3,2,64,1,3,0.1,dot,2000,1.0131568908691406,1.067975997924805,18177
cora_run732fj4mw_GAT_Variant,84.13,95.2,96.31,97.6,97.97,99.08,89.0,84.13,95.2,96.31,97.6,97.97,99.08,99.31,99.48,97.32,32,32,4,0.1,0.0,3,0.015,3,2,64,1,3,0.1,inner,2000,0.9446461200714112,1.0203063488006592,48192
cora_runlu052ksb_GAT_Variant,89.48,93.54,97.79,98.52,98.15,99.45,91.87,89.48,93.54,97.79,98.52,98.15,99.45,99.72,99.76,97.05,64,32,8,0.1,0.0,2,0.015,3,2,64,1,3,0.1,inner,2000,1.1930491924285889,1.3981573581695557,48192
cora_runrorik3ki_GAT_Variant,95.57,92.8,97.79,98.52,98.15,99.45,95.85,95.57,92.8,97.79,98.52,98.15,99.45,99.72,99.79,97.05,64,8,4,0.1,0.0,3,0.015,3,2,64,1,3,0.1,dot,2000,1.1236138343811035,1.1702935695648191,20665
cora_runwvivt6xd_GAT_Variant,89.48,93.54,96.86,97.23,98.15,99.26,91.91,89.48,93.54,96.86,97.23,98.15,99.26,99.66,99.69,97.05,32,8,8,0.1,0.1,3,0.015,3,2,64,1,3,0.1,inner,2000,0.9965877532958984,1.044001579284668,11928
cora_runlu052ksb_GAT_Variant,89.48,93.54,97.79,98.52,98.15,99.45,91.87,89.48,93.54,97.79,98.52,98.15,99.45,99.72,99.76,97.05,64,32,8,0.1,0.0,2,0.015,3,2,64,1,3,0.1,dot,2000,1.2262022495269775,1.2581787109375,56577
cora_runrorik3ki_GAT_Variant,95.57,92.8,97.79,98.52,98.15,99.45,95.85,95.57,92.8,97.79,98.52,98.15,99.45,99.72,99.79,97.05,64,8,4,0.1,0.1,1,0.015,3,2,64,1,3,0.1,inner,2000,0.744318962097168,0.751962423324585,91904
cora_run732fj4mw_GAT_Variant,84.13,95.2,96.31,97.6,97.97,99.08,89.0,84.13,95.2,96.31,97.6,97.97,99.08,99.31,99.48,97.32,32,32,4,0.1,0.0,3,0.015,3,2,64,1,3,0.1,dot,2000,0.6122095584869385,0.7010257244110107,54529
cora_runwvivt6xd_GAT_Variant,89.48,93.54,96.86,97.23,98.15,99.26,91.91,89.48,93.54,96.86,97.23,98.15,99.26,99.66,99.69,97.05,32,8,8,0.1,0.1,3,0.015,3,2,64,1,3,0.1,dot,2000,0.8741207122802734,0.9336578845977784,18265
cora_runrorik3ki_GAT_Variant,95.57,92.8,97.79,98.52,98.15,99.45,95.85,95.57,92.8,97.79,98.52,98.15,99.45,99.72,99.79,97.05,64,8,4,0.1,0.1,1,0.015,3,2,64,1,3,0.1,dot,2000,0.8372359275817871,0.8613131046295166,100289
cora_runlu052ksb_GAT_Variant,89.48,93.54,97.79,98.52,98.15,99.45,91.87,89.48,93.54,97.79,98.52,98.15,99.45,99.72,99.76,97.05,64,32,8,0.1,0.0,3,0.015,3,2,64,1,3,0.1,inner,2000,1.1766314506530762,1.3682074546813965,49312
cora_runwvivt6xd_GAT_Variant,89.48,93.54,96.86,97.23,98.15,99.26,91.91,89.48,93.54,96.86,97.23,98.15,99.26,99.66,99.69,97.05,64,32,4,0.1,0.0,1,0.015,3,2,64,1,3,0.1,inner,2000,0.4071831703186035,0.4454226493835449,91904
cora_runrorik3ki_GAT_Variant,95.57,92.8,97.79,98.52,98.15,99.45,95.85,95.57,92.8,97.79,98.52,98.15,99.45,99.72,99.79,97.05,64,8,4,0.1,0.1,2,0.015,3,2,64,1,3,0.1,inner,2000,0.9047844409942628,0.9902031421661376,12192
cora_runwvivt6xd_GAT_Variant,89.48,93.54,97.79,98.52,98.15,99.26,91.91,89.48,93.54,97.79,98.52,98.15,99.26,99.66,99.84,97.05,64,32,4,0.1,0.0,1,0.015,3,2,64,1,3,0.1,dot,2000,0.912168264389038,0.9446980953216552,100289
cora_runlu052ksb_GAT_Variant,89.48,93.54,97.79,98.52,98.15,99.45,91.87,89.48,93.54,97.79,98.52,98.15,99.45,99.72,99.76,97.05,64,32,8,0.1,0.0,3,0.015,3,2,64,1,3,0.1,dot,2000,1.0152323246002195,1.151968002319336,57697
cora_runrorik3ki_GAT_Variant,95.57,92.8,97.79,98.52,98.15,99.45,95.85,95.57,92.8,97.79,98.52,98.15,99.45,99.72,99.79,97.05,64,8,4,0.1,0.1,2,0.015,3,2,64,1,3,0.1,dot,2000,1.0193095207214355,1.0489728450775146,20577
cora_runwvivt6xd_GAT_Variant,89.48,93.54,97.79,98.52,98.15,99.26,91.91,89.48,93.54,97.79,98.52,98.15,99.26,99.66,99.84,97.05,64,32,4,0.1,0.0,2,0.015,3,2,64,1,3,0.1,inner,2000,0.5694050788879395,0.5963094234466553,48192
cora_runlu052ksb_GAT_Variant,89.48,93.54,97.79,98.52,98.15,99.45,91.87,89.48,93.54,97.79,98.52,98.15,99.45,99.72,99.76,97.05,64,32,8,0.1,0.1,1,0.015,3,2,64,1,3,0.1,inner,2000,0.4555068016052246,0.510136604309082,91904
cora_runlu052ksb_GAT_Variant,95.2,93.54,97.79,98.52,98.15,99.45,95.87,95.2,93.54,97.79,98.52,98.15,99.45,99.72,99.79,97.05,64,32,8,0.1,0.1,1,0.015,3,2,64,1,3,0.1,dot,2000,0.7132492065429688,0.8346014022827148,100289
cora_runrorik3ki_GAT_Variant,95.57,92.8,97.79,98.52,98.15,99.45,95.85,95.57,92.8,97.79,98.52,98.15,99.45,99.72,99.79,97.05,64,8,4,0.1,0.1,3,0.015,3,2,64,1,3,0.1,inner,2000,1.059152126312256,1.093874216079712,12280
cora_runwvivt6xd_GAT_Variant,89.48,93.54,97.79,98.52,98.15,99.26,91.91,89.48,93.54,97.79,98.52,98.15,99.26,99.66,99.84,97.05,64,32,4,0.1,0.0,2,0.015,3,2,64,1,3,0.1,dot,2000,0.6561779975891113,0.6954119205474854,56577
cora_runlu052ksb_GAT_Variant,95.2,93.54,97.79,98.52,98.15,99.45,95.87,95.2,93.54,97.79,98.52,98.15,99.45,99.72,99.79,97.05,64,32,8,0.1,0.1,2,0.015,3,2,64,1,3,0.1,inner,2000,0.9450516700744628,0.9733705520629884,48192
cora_runwvivt6xd_GAT_Variant,89.48,93.54,97.79,98.52,98.15,99.26,91.91,89.48,93.54,97.79,98.52,98.15,99.26,99.66,99.84,97.05,64,32,4,0.1,0.0,3,0.015,3,2,64,1,3,0.1,inner,2000,0.957216501235962,1.0030951499938965,49312
cora_runrorik3ki_GAT_Variant,95.57,92.8,97.79,98.52,98.15,99.45,95.85,95.57,92.8,97.79,98.52,98.15,99.45,99.72,99.79,97.05,64,8,4,0.1,0.1,3,0.015,3,2,64,1,3,0.1,dot,2000,1.1981124877929688,1.3248584270477295,20665
cora_runlu052ksb_GAT_Variant,95.2,93.54,97.79,98.52,98.15,99.45,95.87,95.2,93.54,97.79,98.52,98.15,99.45,99.72,99.79,97.05,64,32,8,0.1,0.1,2,0.015,3,2,64,1,3,0.1,dot,2000,0.9972593784332277,1.0973079204559326,56577
cora_runrorik3ki_GAT_Variant,95.57,92.8,97.79,98.52,98.15,99.45,95.85,95.57,92.8,97.79,98.52,98.15,99.45,99.72,99.79,97.05,64,8,8,0.1,0.0,1,0.015,3,2,64,1,3,0.1,inner,2000,0.7349774837493896,0.7684922218322754,91904
cora_runwvivt6xd_GAT_Variant,89.48,93.54,97.79,98.52,98.15,99.26,91.91,89.48,93.54,97.79,98.52,98.15,99.26,99.66,99.84,97.05,64,32,4,0.1,0.0,3,0.015,3,2,64,1,3,0.1,dot,2000,1.0583713054656982,1.1475396156311035,57697
cora_runrorik3ki_GAT_Variant,95.57,95.57,97.79,98.52,98.15,99.45,95.85,95.57,95.57,97.79,98.52,98.15,99.45,99.72,99.79,97.05,64,8,8,0.1,0.0,1,0.015,3,2,64,1,3,0.1,dot,2000,0.5638558864593506,0.6009018421173096,100289
cora_runwvivt6xd_GAT_Variant,89.48,93.54,97.79,98.52,98.15,99.26,91.91,89.48,93.54,97.79,98.52,98.15,99.26,99.66,99.84,97.05,64,32,4,0.1,0.1,1,0.015,3,2,64,1,3,0.1,inner,2000,0.738384485244751,0.767657995223999,91904
cora_runlu052ksb_GAT_Variant,95.2,93.54,97.79,98.52,98.15,99.45,95.87,95.2,93.54,97.79,98.52,98.15,99.45,99.72,99.79,97.05,64,32,8,0.1,0.1,3,0.015,3,2,64,1,3,0.1,inner,2000,1.2020690441131592,1.2863593101501465,49312
cora_runrorik3ki_GAT_Variant,95.57,95.57,97.79,98.52,98.15,99.45,95.85,95.57,95.57,97.79,98.52,98.15,99.45,99.72,99.79,97.05,64,8,8,0.1,0.0,2,0.015,3,2,64,1,3,0.1,inner,2000,1.2704365253448486,1.2928121089935305,12192
cora_runwvivt6xd_GAT_Variant,89.48,93.54,97.79,98.52,98.15,99.45,91.91,89.48,93.54,97.79,98.52,98.15,99.45,99.71,99.84,97.05,64,32,4,0.1,0.1,1,0.015,3,2,64,1,3,0.1,dot,2000,0.564084529876709,0.5829863548278809,100289
cora_runlu052ksb_GAT_Variant,95.2,93.54,97.79,98.52,98.15,99.45,95.87,95.2,93.54,97.79,98.52,98.15,99.45,99.72,99.79,97.05,64,32,8,0.1,0.1,3,0.015,3,2,64,1,3,0.1,dot,2000,1.0774192810058594,1.112884283065796,57697
cora_runrorik3ki_GAT_Variant,95.57,95.57,97.79,98.52,98.15,99.45,95.85,95.57,95.57,97.79,98.52,98.15,99.45,99.72,99.79,97.05,64,8,8,0.1,0.0,2,0.015,3,2,64,1,3,0.1,dot,2000,0.6935398578643799,0.7140090465545654,20577
cora_runwvivt6xd_GAT_Variant,89.48,93.54,97.79,98.52,98.15,99.45,91.91,89.48,93.54,97.79,98.52,98.15,99.45,99.71,99.84,97.05,64,32,4,0.1,0.1,2,0.015,3,2,64,1,3,0.1,inner,2000,0.7356836795806885,0.7941553592681885,48192
cora_runlu052ksb_GAT_Variant,95.2,93.54,97.79,98.52,98.15,99.45,95.87,95.2,93.54,97.79,98.52,98.15,99.45,99.72,99.79,97.05,64,8,4,0.1,0.0,1,0.015,3,2,64,1,3,0.1,inner,2000,0.5770828723907471,0.5853471755981445,91904
cora_runwvivt6xd_GAT_Variant,89.48,93.54,97.79,98.52,98.15,99.45,91.91,89.48,93.54,97.79,98.52,98.15,99.45,99.71,99.84,97.05,64,32,4,0.1,0.1,2,0.015,3,2,64,1,3,0.1,dot,2000,1.2307612895965576,1.3095595836639404,56577
cora_runrorik3ki_GAT_Variant,95.57,95.57,97.79,98.52,98.15,99.45,95.85,95.57,95.57,97.79,98.52,98.15,99.45,99.72,99.79,97.05,64,8,8,0.1,0.0,3,0.015,3,2,64,1,3,0.1,inner,2000,0.9701237678527832,1.0594241619110107,12280
cora_runlu052ksb_GAT_Variant,95.2,93.54,97.79,98.52,98.15,99.45,95.87,95.2,93.54,97.79,98.52,98.15,99.45,99.72,99.79,97.05,64,8,4,0.1,0.0,1,0.015,3,2,64,1,3,0.1,dot,2000,0.5837743282318115,0.6671273708343506,100289
cora_runwvivt6xd_GAT_Variant,89.48,93.54,97.79,98.52,98.15,99.45,91.91,89.48,93.54,97.79,98.52,98.15,99.45,99.71,99.84,97.05,64,32,4,0.1,0.1,3,0.015,3,2,64,1,3,0.1,inner,2000,1.3511974811553955,1.4128727912902832,49312
cora_runlu052ksb_GAT_Variant,95.2,93.54,97.79,98.52,98.15,99.45,95.87,95.2,93.54,97.79,98.52,98.15,99.45,99.72,99.79,97.05,64,8,4,0.1,0.0,2,0.015,3,2,64,1,3,0.1,inner,2000,1.1916673183441162,1.2488820552825928,12192
cora_runrorik3ki_GAT_Variant,95.57,95.57,97.79,98.52,98.15,99.45,95.85,95.57,95.57,97.79,98.52,98.15,99.45,99.72,99.79,97.05,64,8,8,0.1,0.0,3,0.015,3,2,64,1,3,0.1,dot,2000,1.513791561126709,1.714012861251831,20665
cora_runrorik3ki_GAT_Variant,95.57,95.57,97.79,98.52,98.15,99.45,95.85,95.57,95.57,97.79,98.52,98.15,99.45,99.72,99.79,97.05,64,8,8,0.1,0.1,1,0.015,3,2,64,1,3,0.1,inner,2000,0.5762062072753906,0.6277148723602295,91904
cora_runlu052ksb_GAT_Variant,95.2,93.54,97.79,98.52,98.15,99.45,95.87,95.2,93.54,97.79,98.52,98.15,99.45,99.72,99.79,97.05,64,8,4,0.1,0.0,2,0.015,3,2,64,1,3,0.1,dot,2000,0.7635006904602051,0.8515160083770752,20577
cora_runwvivt6xd_GAT_Variant,89.48,93.54,97.79,98.52,98.15,99.45,91.91,89.48,93.54,97.79,98.52,98.15,99.45,99.71,99.84,97.05,64,32,4,0.1,0.1,3,0.015,3,2,64,1,3,0.1,dot,2000,1.1344711780548096,1.2182519435882568,57697
cora_runrorik3ki_GAT_Variant,95.57,95.94,97.6,98.52,98.15,99.26,95.85,95.57,95.94,97.6,98.52,98.15,99.26,99.7,99.75,97.32,64,8,8,0.1,0.1,1,0.015,3,2,64,1,3,0.1,dot,2000,1.060020923614502,1.0699269771575928,100289
cora_runwvivt6xd_GAT_Variant,89.48,93.54,97.79,98.52,98.15,99.45,91.91,89.48,93.54,97.79,98.52,98.15,99.45,99.71,99.84,97.05,64,32,8,0.1,0.0,1,0.015,3,2,64,1,3,0.1,inner,2000,0.587954044342041,0.6138126850128174,91904
cora_runlu052ksb_GAT_Variant,95.2,93.54,97.79,98.52,98.15,99.45,95.87,95.2,93.54,97.79,98.52,98.15,99.45,99.72,99.79,97.05,64,8,4,0.1,0.0,3,0.015,3,2,64,1,3,0.1,inner,2000,0.9277315139770508,1.008329153060913,12280
cora_runrorik3ki_GAT_Variant,95.57,95.94,97.6,98.52,98.15,99.26,95.85,95.57,95.94,97.6,98.52,98.15,99.26,99.7,99.75,97.32,64,8,8,0.1,0.1,2,0.015,3,2,64,1,3,0.1,inner,2000,0.4662528038024902,0.5124011039733887,12192
cora_runwvivt6xd_GAT_Variant,89.48,93.54,97.79,98.52,98.15,99.45,91.91,89.48,93.54,97.79,98.52,98.15,99.45,99.71,99.84,97.05,64,32,8,0.1,0.0,1,0.015,3,2,64,1,3,0.1,dot,2000,1.065174579620361,1.1194169521331787,100289
cora_runlu052ksb_GAT_Variant,95.2,93.54,97.79,98.52,98.15,99.45,95.87,95.2,93.54,97.79,98.52,98.15,99.45,99.72,99.79,97.05,64,8,4,0.1,0.0,3,0.015,3,2,64,1,3,0.1,dot,2000,1.2355403900146484,1.2682583332061768,20665
cora_runrorik3ki_GAT_Variant,95.57,95.94,97.6,98.52,98.15,99.26,95.85,95.57,95.94,97.6,98.52,98.15,99.26,99.7,99.75,97.32,64,8,8,0.1,0.1,2,0.015,3,2,64,1,3,0.1,dot,2000,0.6718635559082031,0.7620627880096436,20577
cora_runwvivt6xd_GAT_Variant,89.48,93.54,97.79,98.52,98.15,99.45,91.91,89.48,93.54,97.79,98.52,98.15,99.45,99.71,99.84,97.05,64,32,8,0.1,0.0,2,0.015,3,2,64,1,3,0.1,inner,2000,1.16992449760437,1.3149244785308838,48192
cora_runlu052ksb_GAT_Variant,95.2,93.54,97.79,98.52,98.15,99.45,95.87,95.2,93.54,97.79,98.52,98.15,99.45,99.72,99.79,97.05,64,8,4,0.1,0.1,1,0.015,3,2,64,1,3,0.1,inner,2000,0.4794769287109375,0.5432806015014648,91904
cora_runwvivt6xd_GAT_Variant,89.48,93.54,97.79,98.52,98.15,99.45,91.91,89.48,93.54,97.79,98.52,98.15,99.45,99.71,99.84,97.05,64,32,8,0.1,0.0,2,0.015,3,2,64,1,3,0.1,dot,2000,1.1811065673828125,1.234407901763916,56577
cora_runrorik3ki_GAT_Variant,95.57,95.94,97.6,98.52,98.15,99.26,95.85,95.57,95.94,97.6,98.52,98.15,99.26,99.7,99.75,97.32,64,8,8,0.1,0.1,3,0.015,3,2,64,1,3,0.1,inner,2000,1.8505527973175049,1.8984222412109373,12280
cora_runlu052ksb_GAT_Variant,95.2,93.54,97.79,98.52,98.15,99.45,95.87,95.2,93.54,97.79,98.52,98.15,99.45,99.72,99.79,97.05,64,8,4,0.1,0.1,1,0.015,3,2,64,1,3,0.1,dot,2000,0.6676788330078125,0.70263671875,100289
cora_runlu052ksb_GAT_Variant,95.2,93.54,97.79,98.52,98.15,99.45,95.87,95.2,93.54,97.79,98.52,98.15,99.45,99.72,99.79,97.05,64,8,4,0.1,0.1,2,0.015,3,2,64,1,3,0.1,inner,2000,0.8021454811096191,0.8640925884246826,12192
cora_runwvivt6xd_GAT_Variant,89.48,93.54,97.79,98.52,98.15,99.45,91.91,89.48,93.54,97.79,98.52,98.15,99.45,99.71,99.84,97.05,64,32,8,0.1,0.0,3,0.015,3,2,64,1,3,0.1,inner,2000,1.1820154190063477,1.2176570892333984,49312
cora_runrorik3ki_GAT_Variant,95.57,95.94,97.6,98.52,98.15,99.26,95.85,95.57,95.94,97.6,98.52,98.15,99.26,99.7,99.75,97.32,64,8,8,0.1,0.1,3,0.015,3,2,64,1,3,0.1,dot,2000,1.3325326442718506,1.466233730316162,20665
cora_runlu052ksb_GAT_Variant,95.2,93.54,97.79,98.52,98.15,99.45,95.87,95.2,93.54,97.79,98.52,98.15,99.45,99.72,99.79,97.05,64,8,4,0.1,0.1,2,0.015,3,2,64,1,3,0.1,dot,2000,1.126786470413208,1.1754364967346191,20577
cora_runwvivt6xd_GAT_Variant,89.48,93.54,97.79,98.52,98.15,99.45,91.91,89.48,93.54,97.79,98.52,98.15,99.45,99.71,99.84,97.05,64,32,8,0.1,0.0,3,0.015,3,2,64,1,3,0.1,dot,2000,1.3055217266082764,1.4018185138702393,57697
cora_runwvivt6xd_GAT_Variant,89.48,93.54,97.79,98.52,98.15,99.45,91.91,89.48,93.54,97.79,98.52,98.15,99.45,99.71,99.84,97.05,64,32,8,0.1,0.1,1,0.015,3,2,64,1,3,0.1,inner,2000,0.2054734230041504,0.2282485961914062,91904
cora_runlu052ksb_GAT_Variant,95.2,93.54,97.79,98.52,98.15,99.45,95.87,95.2,93.54,97.79,98.52,98.15,99.45,99.72,99.79,97.05,64,8,4,0.1,0.1,3,0.015,3,2,64,1,3,0.1,inner,2000,0.9921977519989014,1.0405161380767822,12280
cora_runwvivt6xd_GAT_Variant,95.57,93.54,97.79,98.52,98.15,99.45,95.87,95.57,93.54,97.79,98.52,98.15,99.45,99.71,99.79,97.05,64,32,8,0.1,0.1,1,0.015,3,2,64,1,3,0.1,dot,2000,1.117694616317749,1.1771626472473145,100289
cora_runlu052ksb_GAT_Variant,95.2,93.54,97.79,98.52,98.15,99.45,95.87,95.2,93.54,97.79,98.52,98.15,99.45,99.72,99.79,97.05,64,8,4,0.1,0.1,3,0.015,3,2,64,1,3,0.1,dot,2000,1.0942800045013428,1.1498379707336426,20665
cora_runwvivt6xd_GAT_Variant,95.57,93.54,97.79,98.52,98.15,99.45,95.87,95.57,93.54,97.79,98.52,98.15,99.45,99.71,99.79,97.05,64,32,8,0.1,0.1,2,0.015,3,2,64,1,3,0.1,inner,2000,0.8580818176269531,0.8804314136505127,48192
cora_runlu052ksb_GAT_Variant,95.2,93.54,97.79,98.52,98.15,99.45,95.87,95.2,93.54,97.79,98.52,98.15,99.45,99.72,99.79,97.05,64,8,8,0.1,0.0,1,0.015,3,2,64,1,3,0.1,inner,2000,0.7001039981842041,0.7423510551452637,91904
cora_runlu052ksb_GAT_Variant,95.2,95.57,97.79,98.52,98.15,99.45,95.87,95.2,95.57,97.79,98.52,98.15,99.45,99.72,99.79,97.05,64,8,8,0.1,0.0,1,0.015,3,2,64,1,3,0.1,dot,2000,1.0862631797790527,1.1162457466125488,100289
cora_runwvivt6xd_GAT_Variant,95.57,93.54,97.79,98.52,98.15,99.45,95.87,95.57,93.54,97.79,98.52,98.15,99.45,99.71,99.79,97.05,64,32,8,0.1,0.1,2,0.015,3,2,64,1,3,0.1,dot,2000,1.100910186767578,1.17633056640625,56577
cora_runlu052ksb_GAT_Variant,95.2,95.57,97.79,98.52,98.15,99.45,95.87,95.2,95.57,97.79,98.52,98.15,99.45,99.72,99.79,97.05,64,8,8,0.1,0.0,2,0.015,3,2,64,1,3,0.1,inner,2000,0.949244260787964,0.9796924591064452,12192
cora_runwvivt6xd_GAT_Variant,95.57,93.54,97.79,98.52,98.15,99.45,95.87,95.57,93.54,97.79,98.52,98.15,99.45,99.71,99.79,97.05,64,32,8,0.1,0.1,3,0.015,3,2,64,1,3,0.1,inner,2000,1.3169426918029783,1.419989824295044,49312
cora_runlu052ksb_GAT_Variant,95.2,95.57,97.79,98.52,98.15,99.45,95.87,95.2,95.57,97.79,98.52,98.15,99.45,99.72,99.79,97.05,64,8,8,0.1,0.0,2,0.015,3,2,64,1,3,0.1,dot,2000,0.6734192371368408,0.8141100406646729,20577
cora_runwvivt6xd_GAT_Variant,95.57,93.54,97.79,98.52,98.15,99.45,95.87,95.57,93.54,97.79,98.52,98.15,99.45,99.71,99.79,97.05,64,32,8,0.1,0.1,3,0.015,3,2,64,1,3,0.1,dot,2000,1.1523358821868896,1.2109103202819824,57697
cora_runlu052ksb_GAT_Variant,95.2,95.57,97.79,98.52,98.15,99.45,95.87,95.2,95.57,97.79,98.52,98.15,99.45,99.72,99.79,97.05,64,8,8,0.1,0.0,3,0.015,3,2,64,1,3,0.1,inner,2000,0.9233555793762208,0.997807502746582,12280
cora_runwvivt6xd_GAT_Variant,95.57,93.54,97.79,98.52,98.15,99.45,95.87,95.57,93.54,97.79,98.52,98.15,99.45,99.71,99.79,97.05,64,8,4,0.1,0.0,1,0.015,3,2,64,1,3,0.1,inner,2000,0.375511884689331,0.3934016227722168,91904
cora_runwvivt6xd_GAT_Variant,95.57,93.54,97.79,98.52,98.15,99.45,95.87,95.57,93.54,97.79,98.52,98.15,99.45,99.71,99.79,97.05,64,8,4,0.1,0.0,1,0.015,3,2,64,1,3,0.1,dot,2000,1.007887601852417,1.0332791805267334,100289
cora_runlu052ksb_GAT_Variant,95.2,95.57,97.79,98.52,98.15,99.45,95.87,95.2,95.57,97.79,98.52,98.15,99.45,99.72,99.79,97.05,64,8,8,0.1,0.0,3,0.015,3,2,64,1,3,0.1,dot,2000,1.0785291194915771,1.1830768585205078,20665
cora_runwvivt6xd_GAT_Variant,95.57,93.54,97.79,98.52,98.15,99.45,95.87,95.57,93.54,97.79,98.52,98.15,99.45,99.71,99.79,97.05,64,8,4,0.1,0.0,2,0.015,3,2,64,1,3,0.1,inner,2000,0.4594566822052002,0.4854934215545654,12192
cora_runlu052ksb_GAT_Variant,95.2,95.57,97.79,98.52,98.15,99.45,95.87,95.2,95.57,97.79,98.52,98.15,99.45,99.72,99.79,97.05,64,8,8,0.1,0.1,1,0.015,3,2,64,1,3,0.1,inner,2000,0.5666015148162842,0.6166200637817383,91904
cora_runlu052ksb_GAT_Variant,95.2,95.94,97.6,98.15,98.15,99.26,95.87,95.2,95.94,97.6,98.15,98.15,99.26,99.7,99.75,97.42,64,8,8,0.1,0.1,1,0.015,3,2,64,1,3,0.1,dot,2000,0.6090455055236816,0.7806024551391602,100289
cora_runwvivt6xd_GAT_Variant,95.57,93.54,97.79,98.52,98.15,99.45,95.87,95.57,93.54,97.79,98.52,98.15,99.45,99.71,99.79,97.05,64,8,4,0.1,0.0,2,0.015,3,2,64,1,3,0.1,dot,2000,0.7008223533630371,0.7288873195648193,20577
cora_runlu052ksb_GAT_Variant,95.2,95.94,97.6,98.15,98.15,99.26,95.87,95.2,95.94,97.6,98.15,98.15,99.26,99.7,99.75,97.42,64,8,8,0.1,0.1,2,0.015,3,2,64,1,3,0.1,inner,2000,0.7324302196502686,0.7838184833526611,12192
cora_runwvivt6xd_GAT_Variant,95.57,93.54,97.79,98.52,98.15,99.45,95.87,95.57,93.54,97.79,98.52,98.15,99.45,99.71,99.79,97.05,64,8,4,0.1,0.0,3,0.015,3,2,64,1,3,0.1,inner,2000,0.8461518287658691,1.0182337760925293,12280
cora_runlu052ksb_GAT_Variant,95.2,95.94,97.6,98.15,98.15,99.26,95.87,95.2,95.94,97.6,98.15,98.15,99.26,99.7,99.75,97.42,64,8,8,0.1,0.1,2,0.015,3,2,64,1,3,0.1,dot,2000,0.9880313873291016,1.0451552867889404,20577
cora_runwvivt6xd_GAT_Variant,95.57,93.54,97.79,98.52,98.15,99.45,95.87,95.57,93.54,97.79,98.52,98.15,99.45,99.71,99.79,97.05,64,8,4,0.1,0.0,3,0.015,3,2,64,1,3,0.1,dot,2000,1.0035581588745115,1.0726134777069092,20665
cora_runlu052ksb_GAT_Variant,95.2,95.94,97.6,98.15,98.15,99.26,95.87,95.2,95.94,97.6,98.15,98.15,99.26,99.7,99.75,97.42,64,8,8,0.1,0.1,3,0.015,3,2,64,1,3,0.1,inner,2000,1.1103436946868896,1.1572716236114502,12280
cora_runwvivt6xd_GAT_Variant,95.57,93.54,97.79,98.52,98.15,99.45,95.87,95.57,93.54,97.79,98.52,98.15,99.45,99.71,99.79,97.05,64,8,4,0.1,0.1,1,0.015,3,2,64,1,3,0.1,inner,2000,0.4293904304504394,0.4640491008758545,91904
cora_runwvivt6xd_GAT_Variant,95.57,93.54,97.79,98.52,98.15,99.45,95.87,95.57,93.54,97.79,98.52,98.15,99.45,99.71,99.79,97.05,64,8,4,0.1,0.1,1,0.015,3,2,64,1,3,0.1,dot,2000,0.8141779899597168,0.9396193027496338,100289
cora_runlu052ksb_GAT_Variant,95.2,95.94,97.6,98.15,98.15,99.26,95.87,95.2,95.94,97.6,98.15,98.15,99.26,99.7,99.75,97.42,64,8,8,0.1,0.1,3,0.015,3,2,64,1,3,0.1,dot,2000,1.122934103012085,1.2018733024597168,20665
cora_runwvivt6xd_GAT_Variant,95.57,93.54,97.79,98.52,98.15,99.45,95.87,95.57,93.54,97.79,98.52,98.15,99.45,99.71,99.79,97.05,64,8,4,0.1,0.1,2,0.015,3,2,64,1,3,0.1,inner,2000,0.5937631130218506,0.7502114772796631,12192
cora_runwvivt6xd_GAT_Variant,95.57,93.54,97.79,98.52,98.15,99.45,95.87,95.57,93.54,97.79,98.52,98.15,99.45,99.71,99.79,97.05,64,8,4,0.1,0.1,2,0.015,3,2,64,1,3,0.1,dot,2000,0.6289911270141602,0.9407777786254884,20577
cora_runwvivt6xd_GAT_Variant,95.57,93.54,97.79,98.52,98.15,99.45,95.87,95.57,93.54,97.79,98.52,98.15,99.45,99.71,99.79,97.05,64,8,4,0.1,0.1,3,0.015,3,2,64,1,3,0.1,inner,2000,1.4369337558746338,1.495422124862671,12280
cora_runwvivt6xd_GAT_Variant,95.57,93.54,97.79,98.52,98.15,99.45,95.87,95.57,93.54,97.79,98.52,98.15,99.45,99.71,99.79,97.05,64,8,4,0.1,0.1,3,0.015,3,2,64,1,3,0.1,dot,2000,1.004350185394287,1.1029319763183594,20665
cora_runwvivt6xd_GAT_Variant,95.57,93.54,97.79,98.52,98.15,99.45,95.87,95.57,93.54,97.79,98.52,98.15,99.45,99.71,99.79,97.05,64,8,8,0.1,0.0,1,0.015,3,2,64,1,3,0.1,inner,2000,0.7423450946807861,0.7774219512939453,91904
cora_runwvivt6xd_GAT_Variant,95.57,95.57,97.79,98.52,98.15,99.45,95.87,95.57,95.57,97.79,98.52,98.15,99.45,99.71,99.79,97.05,64,8,8,0.1,0.0,1,0.015,3,2,64,1,3,0.1,dot,2000,0.5879828929901123,0.5986728668212891,100289
cora_runwvivt6xd_GAT_Variant,95.57,95.57,97.79,98.52,98.15,99.45,95.87,95.57,95.57,97.79,98.52,98.15,99.45,99.71,99.79,97.05,64,8,8,0.1,0.0,2,0.015,3,2,64,1,3,0.1,inner,2000,0.4811799526214599,0.5241546630859375,12192
cora_runwvivt6xd_GAT_Variant,95.57,95.57,97.79,98.52,98.15,99.45,95.87,95.57,95.57,97.79,98.52,98.15,99.45,99.71,99.79,97.05,64,8,8,0.1,0.0,2,0.015,3,2,64,1,3,0.1,dot,2000,0.6168708801269531,0.651414155960083,20577
cora_runwvivt6xd_GAT_Variant,95.57,95.57,97.79,98.52,98.15,99.45,95.87,95.57,95.57,97.79,98.52,98.15,99.45,99.71,99.79,97.05,64,8,8,0.1,0.0,3,0.015,3,2,64,1,3,0.1,inner,2000,0.9850645065307616,1.251698017120361,12280
cora_runwvivt6xd_GAT_Variant,95.57,95.57,97.79,98.52,98.15,99.45,95.87,95.57,95.57,97.79,98.52,98.15,99.45,99.71,99.79,97.05,64,8,8,0.1,0.0,3,0.015,3,2,64,1,3,0.1,dot,2000,1.0127713680267334,1.0819368362426758,20665
cora_runwvivt6xd_GAT_Variant,95.57,95.57,97.79,98.52,98.15,99.45,95.87,95.57,95.57,97.79,98.52,98.15,99.45,99.71,99.79,97.05,64,8,8,0.1,0.1,1,0.015,3,2,64,1,3,0.1,inner,2000,0.5284743309020996,0.549422025680542,91904
cora_runwvivt6xd_GAT_Variant,95.57,95.94,97.6,98.15,98.15,99.26,95.87,95.57,95.94,97.6,98.15,98.15,99.26,99.7,99.75,97.32,64,8,8,0.1,0.1,1,0.015,3,2,64,1,3,0.1,dot,2000,0.7186951637268066,0.7817883491516113,100289
cora_runwvivt6xd_GAT_Variant,95.57,95.94,97.6,98.15,98.15,99.26,95.87,95.57,95.94,97.6,98.15,98.15,99.26,99.7,99.75,97.32,64,8,8,0.1,0.1,2,0.015,3,2,64,1,3,0.1,inner,2000,0.7743570804595947,0.816387414932251,12192
cora_runwvivt6xd_GAT_Variant,95.57,95.94,97.6,98.15,98.15,99.26,95.87,95.57,95.94,97.6,98.15,98.15,99.26,99.7,99.75,97.32,64,8,8,0.1,0.1,2,0.015,3,2,64,1,3,0.1,dot,2000,0.9134194850921632,0.931816339492798,20577
cora_runwvivt6xd_GAT_Variant,95.57,95.94,97.6,98.15,98.15,99.26,95.87,95.57,95.94,97.6,98.15,98.15,99.26,99.7,99.75,97.32,64,8,8,0.1,0.1,3,0.015,3,2,64,1,3,0.1,inner,2000,1.2324209213256836,1.293135643005371,12280
cora_runwbsof2n5_GAT_Variant,27.31,63.84,78.23,91.51,96.31,98.71,45.41,27.31,63.84,78.23,91.51,96.31,98.71,98.55,98.45,87.64,32,32,4,0.1,0.0,1,0.015,3,2,64,1,3,0.1,inner,2000,0.5481774806976318,0.5859377384185791,45952
cora_runwvivt6xd_GAT_Variant,95.57,95.94,97.6,98.15,98.15,99.26,95.87,95.57,95.94,97.6,98.15,98.15,99.26,99.7,99.75,97.32,64,8,8,0.1,0.1,3,0.015,3,2,64,1,3,0.1,dot,2000,1.255788803100586,1.3632144927978516,20665
cora_runwbsof2n5_GAT_Variant,92.8,94.83,96.31,98.15,98.89,99.26,94.19,92.8,94.83,96.31,98.15,98.89,99.26,99.69,99.7,96.59,32,32,4,0.1,0.0,1,0.015,3,2,64,1,3,0.1,dot,2000,0.6262552738189697,0.6535258293151855,52289
cora_runwbsof2n5_GAT_Variant,92.8,94.83,96.31,98.15,98.89,99.26,94.19,92.8,94.83,96.31,98.15,98.89,99.26,99.69,99.7,96.59,32,32,4,0.1,0.0,2,0.015,3,2,64,1,3,0.1,inner,2000,0.8701281547546387,0.888059139251709,47072
cora_runwbsof2n5_GAT_Variant,92.8,94.83,96.31,98.15,98.89,99.26,94.19,92.8,94.83,96.31,98.15,98.89,99.26,99.69,99.7,96.59,32,32,4,0.1,0.0,2,0.015,3,2,64,1,3,0.1,dot,2000,0.6540138721466064,0.7325549125671387,53409
cora_runwbsof2n5_GAT_Variant,92.8,94.83,96.31,98.15,98.89,99.26,94.19,92.8,94.83,96.31,98.15,98.89,99.26,99.69,99.7,96.59,32,32,4,0.1,0.0,3,0.015,3,2,64,1,3,0.1,inner,2000,1.0286719799041748,1.0921587944030762,48192
cora_runwbsof2n5_GAT_Variant,92.8,94.83,96.31,98.15,98.89,99.26,94.19,92.8,94.83,96.31,98.15,98.89,99.26,99.69,99.7,96.59,32,32,4,0.1,0.0,3,0.015,3,2,64,1,3,0.1,dot,2000,0.9281973838806152,1.0445191860198977,54529
cora_runwbsof2n5_GAT_Variant,92.8,94.83,96.31,98.15,98.89,99.26,94.19,92.8,94.83,96.31,98.15,98.89,99.26,99.69,99.7,96.59,32,32,4,0.1,0.1,1,0.015,3,2,64,1,3,0.1,inner,2000,0.4181985855102539,0.4412543773651123,45952
cora_runwbsof2n5_GAT_Variant,88.19,95.02,97.79,98.15,98.89,99.26,91.98,88.19,95.02,97.79,98.15,98.89,99.26,99.69,99.73,96.59,32,32,4,0.1,0.1,1,0.015,3,2,64,1,3,0.1,dot,2000,0.8142330646514893,0.8329567909240723,52289
cora_runwbsof2n5_GAT_Variant,88.19,95.02,97.79,98.15,98.89,99.26,91.98,88.19,95.02,97.79,98.15,98.89,99.26,99.69,99.73,96.59,32,32,4,0.1,0.1,2,0.015,3,2,64,1,3,0.1,inner,2000,0.7434585094451904,0.771003007888794,47072
cora_runwbsof2n5_GAT_Variant,88.19,95.02,97.79,98.15,98.89,99.26,91.98,88.19,95.02,97.79,98.15,98.89,99.26,99.69,99.73,96.59,32,32,4,0.1,0.1,2,0.015,3,2,64,1,3,0.1,dot,2000,0.9073965549468994,0.9630401134490968,53409
cora_runwbsof2n5_GAT_Variant,88.19,95.02,97.79,98.15,98.89,99.26,91.98,88.19,95.02,97.79,98.15,98.89,99.26,99.69,99.73,96.59,32,32,4,0.1,0.1,3,0.015,3,2,64,1,3,0.1,inner,2000,0.8667190074920654,0.8988504409790039,48192
Best,95.57,95.94,97.79,98.52,98.89,99.45,95.87,95.57,95.94,97.79,98.52,98.89,99.45,99.77,99.84,97.42,64,32,8,0.1,0.1,3,0.015,3,2,64,1,3,0.1,inner,2000,1.8505527973175049,1.8984222412109373,100289
